esd,record_time,soc,pack_voltage (V),charge_current (A),max_cell_voltage (V),min_cell_voltage (V),max_temperature (℃),min_temperature (℃),available_energy (kw),available_capacity (Ah)
1366563,18/11/2014 17:11,15.2,323.5,-22.5,3.603,3.584,32,31,6.96,20.94
3075723,19/11/2014 19:51,15.6,323.6,-22.5,3.604,3.585,32,31,6.98,20.99
4228788,21/11/2014 16:46,15.6,323.6,-22.5,3.605,3.585,32,31,7,21.04
3173284,3/12/2014 21:02,15.6,323.8,-22.5,3.606,3.586,32,31,7.01,21.09
3266500,11/12/2014 21:14,15.6,323.8,-22.5,3.606,3.587,32,31,7.03,21.14
4099366,12/12/2014 15:04,15.6,323.8,-22.5,3.607,3.588,32,31,7.05,21.18
5084244,12/12/2014 15:47,15.6,323.9,-22.5,3.608,3.588,32,31,7.06,21.23
2948436,17/12/2014 21:31,15.6,323.9,-22.5,3.608,3.588,32,31,7.07,21.28
3515913,18/12/2014 18:04,15.6,323.9,-22.5,3.608,3.589,32,31,7.1,21.33
8490014,18/12/2014 18:30,15.6,323.9,-22.5,3.609,3.59,32,31,7.11,21.39
7075912,18/12/2014 20:57,15.6,324.1,-22.5,3.609,3.59,32,31,7.13,21.45
5226095,19/12/2014 15:12,15.6,324.1,-22.5,3.61,3.59,32,31,7.15,21.5
9342496,7/1/2015 20:54,16,324.1,-22.5,3.61,3.591,32,31,7.17,21.55
1853945,9/1/2015 14:21,16,324.1,-22.5,3.61,3.591,32,31,7.18,21.6
2113485,12/1/2015 21:48,16,324.2,-22.5,3.611,3.592,33,31,7.2,21.65
7492587,16/1/2015 19:03,16,324.2,-22.5,3.611,3.591,33,31,7.22,21.7
1111437,16/1/2015 21:14,16,324.2,-22.5,3.611,3.592,33,31,7.23,21.75
4716378,21/1/2015 20:19,16,324.2,-22.5,3.612,3.592,33,31,7.25,21.8
4187340,29/1/2015 17:25,16,324.2,-22.5,3.612,3.593,33,31,7.27,21.85
7934936,30/1/2015 18:49,16,324.2,-22.5,3.612,3.594,33,31,7.28,21.9
7073357,30/1/2015 21:58,16,324.4,-22.5,3.613,3.594,33,31,7.3,21.95
3002716,3/2/2015 21:53,16,324.4,-22.5,3.612,3.594,33,31,7.32,22.02
2995135,12/2/2015 18:44,16.4,324.4,-22.5,3.613,3.594,33,31,7.34,22.07
5011218,16/2/2015 15:13,16.4,324.4,-22.5,3.613,3.595,33,31,7.36,22.12
8554662,16/2/2015 21:43,16.4,324.4,-22.5,3.615,3.595,33,31,7.37,22.17
8052184,19/2/2015 16:19,16.4,324.4,-22.5,3.614,3.596,33,31,7.39,22.22
6178541,19/2/2015 21:49,16.4,324.6,-22.5,3.614,3.596,33,31,7.41,22.27
8499802,24/2/2015 21:50,16.4,324.6,-22.5,3.615,3.596,33,31,7.42,22.32
8259939,26/2/2015 21:34,16.4,324.6,-22.5,3.615,3.596,33,31,7.43,22.37
2032051,28/2/2015 21:34,16.4,324.6,-22.5,3.615,3.597,33,31,7.46,22.42
7357133,3/3/2015 21:33,16.4,324.6,-22.5,3.616,3.597,33,31,7.47,22.47
6032746,4/3/2015 19:42,16.4,324.7,-22.5,3.616,3.596,33,31,7.48,22.51
4072758,4/3/2015 21:56,16.4,324.7,-22.5,3.617,3.597,33,31,7.51,22.56
6830717,5/3/2015 16:02,16.8,324.7,-22.5,3.617,3.598,33,31,7.52,22.61
6455251,5/3/2015 21:49,16.8,324.7,-22.5,3.617,3.598,33,31,7.54,22.69
5376208,6/3/2015 21:53,16.8,324.7,-22.5,3.617,3.599,33,31,7.56,22.74
2914893,9/3/2015 20:45,16.8,324.7,-22.5,3.617,3.599,33,31,7.58,22.78
5224755,12/3/2015 21:28,16.8,324.9,-22.5,3.618,3.599,33,31,7.59,22.83
8450261,13/3/2015 16:02,16.8,324.9,-22.5,3.618,3.599,33,31,7.61,22.87
9731366,16/3/2015 20:40,16.8,324.9,-22.5,3.618,3.6,33,31,7.63,22.93
9473434,18/3/2015 21:49,16.8,324.9,-22.5,3.618,3.6,33,31,7.64,22.98
2817985,19/3/2015 11:21,16.8,324.9,-22.5,3.619,3.6,33,31,7.66,23.03
5820347,19/3/2015 19:35,16.8,324.9,-22.5,3.619,3.601,33,31,7.68,23.08
5338238,20/3/2015 13:45,16.8,324.9,-22.5,3.62,3.601,33,31,7.69,23.13
3192864,23/3/2015 18:24,17.2,325,-22.5,3.62,3.602,33,31,7.71,23.18
9813434,26/3/2015 11:56,17.2,325,-22.5,3.621,3.602,33,31,7.72,23.23
6362922,26/3/2015 14:13,17.2,325,-22.5,3.621,3.603,33,31,7.75,23.3
3910417,26/3/2015 18:40,17.2,325,-22.5,3.621,3.603,33,31,7.76,23.35
9537925,27/3/2015 15:21,17.2,325,-22.5,3.621,3.603,33,31,7.78,23.4
5688787,27/3/2015 17:52,17.2,325.2,-22.5,3.621,3.604,33,31,7.79,23.45
2189714,30/3/2015 16:14,17.2,325.2,-22.5,3.621,3.603,33,31,7.82,23.5
9009117,30/3/2015 16:42,17.2,325.2,-22.5,3.622,3.604,33,31,7.83,23.55
6241251,31/3/2015 17:44,17.2,325.2,-22.5,3.622,3.604,33,31,7.84,23.6
4027242,1/4/2015 17:04,17.2,325.2,-22.5,3.622,3.604,33,31,7.87,23.65
1534730,2/4/2015 19:59,17.6,325.2,-22.5,3.623,3.605,33,31,7.88,23.7
4970729,6/4/2015 18:42,17.6,325.3,-22.5,3.624,3.605,33,31,7.89,23.75
5850084,7/4/2015 14:40,17.6,325.3,-22.5,3.623,3.605,33,31,7.92,23.8
5503753,7/4/2015 18:20,17.6,325.3,-22.5,3.624,3.605,33,31,7.93,23.84
8356365,8/4/2015 14:50,17.6,325.3,-22.5,3.624,3.606,33,31,7.95,23.92
7116934,9/4/2015 15:19,17.6,325.3,-22.5,3.624,3.607,33,31,7.97,23.97
4303750,9/4/2015 18:58,17.6,325.3,-22.5,3.625,3.606,33,31,7.99,24.02
7027707,15/4/2015 19:17,17.6,325.5,-22.5,3.625,3.607,33,31,8,24.07
4268564,20/4/2015 21:01,17.6,325.3,-22.5,3.625,3.607,33,31,8.01,24.09
7120657,21/4/2015 19:26,17.6,325.5,-22.5,3.625,3.607,33,31,8.03,24.15
7620374,22/4/2015 15:45,17.6,325.5,-22.5,3.625,3.607,33,31,8.05,24.21
8539198,22/4/2015 17:24,18,325.5,-22.5,3.626,3.608,33,31,8.07,24.26
9402479,27/4/2015 18:23,18,325.5,-22.5,3.626,3.608,33,31,8.08,24.31
4904971,28/4/2015 20:33,18,325.5,-22.5,3.627,3.608,33,31,8.099999,24.36
9371693,30/4/2015 20:42,18,325.7,-22.5,3.627,3.608,33,31,8.12,24.41
9600945,4/5/2015 19:23,18,325.7,-22.5,3.627,3.608,33,31,8.13,24.46
4047449,5/5/2015 16:48,18,325.7,-22.5,3.627,3.609,33,31,8.15,24.51
8906717,6/5/2015 20:42,18,325.7,-22.5,3.628,3.61,33,31,8.17,24.56
2151745,7/5/2015 19:13,18,325.8,-22.5,3.627,3.609,33,31,8.19,24.63
3904382,8/5/2015 18:34,18,325.7,-22.5,3.628,3.61,33,31,8.2,24.68
6412124,11/5/2015 18:06,18,325.8,-22.5,3.628,3.609,33,31,8.22,24.71
9579135,12/5/2015 20:10,18,325.8,-22.5,3.628,3.61,33,31,8.23,24.76
3526792,13/5/2015 18:49,18.4,325.8,-22.5,3.629,3.61,33,31,8.25,24.81
2103254,14/5/2015 18:05,18.4,325.8,-22.5,3.629,3.61,33,31,8.28,24.88
8767465,15/5/2015 19:15,18.4,325.8,-22.5,3.628,3.61,33,31,8.29,24.93
4927630,18/5/2015 20:23,18.4,325.8,-22.5,3.629,3.61,33,31,8.3,24.98
3661095,20/5/2015 20:36,18.4,325.8,-22.5,3.629,3.611,33,31,8.33,25.03
8681532,21/5/2015 19:10,18.4,325.8,-22.5,3.63,3.611,33,31,8.34,25.08
2847811,22/5/2015 20:18,18.4,326,-22.5,3.63,3.613,33,31,8.349999,25.13
1779780,26/5/2015 20:32,18.4,326,-22.5,3.63,3.612,33,31,8.37,25.17
9038095,27/5/2015 21:26,18.4,326,-22.5,3.631,3.613,33,31,8.389999,25.22
6839807,28/5/2015 15:17,18.4,326,-22.5,3.631,3.613,33,31,8.4,25.27
7513206,28/5/2015 18:01,18.8,326,-22.5,3.63,3.613,33,31,8.42,25.32
9651531,29/5/2015 14:10,18.8,326,-22.5,3.631,3.613,33,31,8.44,25.37
9066880,1/6/2015 20:14,18.8,326.1,-22.5,3.632,3.614,33,31,8.46,25.44
4023183,2/6/2015 20:34,18.8,326.1,-22.5,3.632,3.613,33,31,8.48,25.49
1667896,3/6/2015 17:26,18.8,326.1,-22.5,3.631,3.614,33,31,8.49,25.54
4907994,4/6/2015 15:09,18.8,326.1,-22.5,3.632,3.614,33,31,8.51,25.59
8544912,4/6/2015 17:17,18.8,326.1,-22.5,3.632,3.614,33,31,8.53,25.64
4339735,5/6/2015 15:53,18.8,326.1,-22.5,3.633,3.614,33,31,8.54,25.69
7670282,5/6/2015 19:22,18.8,326.1,-22.5,3.632,3.614,33,31,8.559999,25.74
2534249,9/6/2015 20:12,18.8,326.1,-22.5,3.633,3.615,33,31,8.58,25.79
2892603,10/6/2015 17:08,18.8,326.1,-22.5,3.633,3.615,33,31,8.59,25.84
2451809,10/6/2015 20:11,19.2,326.3,-22.5,3.633,3.615,33,31,8.61,25.89
1986587,11/6/2015 17:08,19.2,326.3,-22.5,3.633,3.615,33,31,8.63,25.94
5345683,12/6/2015 16:29,19.2,326.3,-22.5,3.634,3.616,33,31,8.639999,25.99
2211634,15/6/2015 20:49,19.2,326.3,-22.5,3.634,3.615,33,31,8.66,26.06
1119614,16/6/2015 15:28,19.2,326.3,-22.5,3.634,3.615,33,31,8.679999,26.11
8689860,17/6/2015 21:17,19.2,326.3,-22.5,3.634,3.617,33,31,8.7,26.16
5481838,18/6/2015 15:38,19.2,326.3,-22.5,3.634,3.617,33,31,8.71,26.21
5187868,19/6/2015 18:40,19.2,326.3,-22.5,3.635,3.616,33,31,8.73,26.26
7546366,22/6/2015 17:43,19.2,326.4,-22.5,3.634,3.617,33,31,8.75,26.31
5407577,23/6/2015 20:42,19.2,326.3,-22.5,3.635,3.618,33,31,8.76,26.36
1634517,24/6/2015 20:17,19.6,326.4,-22.5,3.634,3.617,33,31,8.78,26.41
7511668,25/6/2015 15:10,19.6,326.4,-22.5,3.635,3.618,33,31,8.8,26.46
2225529,13/7/2015 19:36,19.6,326.4,-22.5,3.635,3.618,33,31,8.809999,26.5
2719439,14/7/2015 16:30,19.6,326.4,-22.5,3.635,3.618,33,31,8.83,26.55
6475803,15/7/2015 18:34,19.6,326.4,-22.5,3.635,3.619,33,31,8.849999,26.6
7314718,16/7/2015 20:22,19.6,326.6,-22.5,3.635,3.619,33,31,8.86,26.65
8726154,17/7/2015 19:52,19.6,326.4,-22.5,3.636,3.619,33,31,8.88,26.7
9884932,20/7/2015 16:25,19.6,326.4,-22.5,3.635,3.619,33,31,8.9,26.75
2725835,21/7/2015 16:28,19.6,326.4,-22.5,3.636,3.619,33,31,8.91,26.8
9251926,21/7/2015 20:42,19.6,326.6,-22.5,3.635,3.619,33,31,8.94,26.87
7848461,22/7/2015 20:45,19.6,326.6,-22.5,3.636,3.62,33,31,8.95,26.92
2450078,23/7/2015 14:38,20,326.4,-22.5,3.636,3.62,33,31,8.97,26.97
8294063,23/7/2015 20:27,20,326.6,-22.5,3.636,3.621,33,31,8.99,27.02
8369555,24/7/2015 20:07,20,326.6,-22.5,3.636,3.621,33,31,9,27.07
7946065,27/7/2015 19:31,20,326.6,-22.5,3.636,3.62,33,31,9.02,27.12
2860677,28/7/2015 17:36,20,326.6,-22.5,3.637,3.621,33,31,9.04,27.17
5319961,30/7/2015 20:24,20,326.6,-22.5,3.636,3.621,33,31,9.05,27.22
8693478,3/8/2015 20:48,20,326.6,-22.5,3.637,3.621,33,31,9.07,27.27
9401194,4/8/2015 17:54,20,326.6,-22.5,3.637,3.622,33,31,9.09,27.32
6864613,5/8/2015 18:59,20,326.7,-22.5,3.636,3.622,33,31,9.099999,27.37
6383107,6/8/2015 15:14,20,326.7,-22.5,3.638,3.621,33,31,9.12,27.42
7109071,6/8/2015 20:40,20,326.6,-22.5,3.637,3.621,33,31,9.139999,27.47
5544644,7/8/2015 16:09,20.4,326.7,-22.5,3.638,3.621,33,31,9.16,27.54
8796946,7/8/2015 20:56,20.4,326.7,-22.5,3.639,3.623,33,31,9.17,27.59
7932903,10/8/2015 20:24,20.4,326.7,-22.5,3.637,3.623,33,31,9.19,27.64
5511788,12/8/2015 15:38,20.4,326.7,-22.5,3.639,3.622,33,31,9.21,27.69
2177313,12/8/2015 16:42,20.4,326.7,-22.5,3.639,3.624,33,31,9.22,27.74
4155559,13/8/2015 13:43,20.4,326.7,-22.5,3.639,3.623,33,31,9.24,27.79
7684218,13/8/2015 20:52,20.4,326.7,-22.5,3.638,3.623,33,31,9.26,27.83
4774630,14/8/2015 16:04,20.4,326.7,-22.5,3.638,3.623,33,31,9.27,27.88
8889063,14/8/2015 20:34,20.4,326.7,-22.5,3.638,3.624,33,31,9.29,27.93
1667198,17/8/2015 20:51,20.4,326.7,-22.5,3.639,3.624,33,31,9.3,27.98
3918469,18/8/2015 20:20,20.4,326.7,-22.5,3.639,3.625,33,31,9.32,28.03
5137159,19/8/2015 16:26,20.8,326.7,-22.5,3.639,3.624,33,31,9.34,28.08
9198706,19/8/2015 20:37,20.8,326.9,-22.5,3.639,3.625,33,31,9.349999,28.13
7484631,20/8/2015 14:50,20.8,326.7,-22.5,3.639,3.625,33,31,9.37,28.2
5047224,20/8/2015 20:19,20.8,326.9,-22.5,3.639,3.625,33,31,9.4,28.25
7612366,21/8/2015 17:19,20.8,326.9,-22.5,3.64,3.625,33,31,9.41,28.3
1943326,24/8/2015 20:37,20.8,326.9,-22.5,3.639,3.625,33,31,9.429999,28.35
4773595,25/8/2015 17:44,20.8,326.9,-22.5,3.64,3.626,33,31,9.45,28.4
8710352,25/8/2015 19:43,20.8,326.9,-22.5,3.64,3.626,33,31,9.46,28.45
6946930,26/8/2015 16:50,20.8,326.9,-22.5,3.64,3.626,33,31,9.48,28.5
9080203,27/8/2015 12:41,20.8,326.9,-22.5,3.64,3.626,33,31,9.5,28.55
1310541,27/8/2015 17:51,21.2,326.9,-22.5,3.64,3.626,33,31,9.51,28.6
2051880,28/8/2015 17:10,21.2,326.9,-22.5,3.64,3.626,33,31,9.53,28.65
2151405,31/8/2015 21:04,21.2,326.9,-22.5,3.64,3.626,33,31,9.55,28.7
9830354,1/9/2015 20:33,21.2,326.9,-22.5,3.64,3.628,33,31,9.559999,28.75
7366688,2/9/2015 16:28,21.2,326.9,-22.5,3.641,3.626,33,31,9.58,28.8
3690401,2/9/2015 20:48,21.2,326.9,-22.5,3.64,3.627,33,31,9.599999,28.87
2666943,4/9/2015 19:45,21.2,327.1,-22.5,3.64,3.628,33,31,9.62,28.92
8966239,8/9/2015 17:21,21.2,327.1,-22.5,3.641,3.628,33,31,9.63,28.97
1060291,8/9/2015 20:57,21.2,327.1,-22.5,3.641,3.628,33,31,9.65,29.02
6178031,9/9/2015 20:31,21.2,327.1,-22.5,3.641,3.629,33,31,9.66,29.07
6720753,10/9/2015 15:21,21.2,327.1,-22.5,3.641,3.628,33,31,9.679999,29.12
5465287,10/9/2015 20:56,21.6,327.1,-22.5,3.641,3.627,33,31,9.7,29.16
4722963,11/9/2015 16:07,21.6,327.1,-22.5,3.642,3.628,33,31,9.71,29.21
2353637,14/9/2015 20:48,21.6,327.1,-22.5,3.642,3.628,33,31,9.73,29.26
4542365,17/9/2015 17:57,21.6,327.1,-22.5,3.642,3.629,33,31,9.75,29.31
4235947,18/9/2015 19:02,21.6,327.1,-22.5,3.642,3.629,33,31,9.76,29.36
3346938,21/9/2015 13:19,21.6,327.1,-22.5,3.642,3.628,33,31,9.78,29.41
1377083,1/10/2015 12:01,21.6,327.1,-22.5,3.643,3.629,33,31,9.809999,29.48
9206532,1/10/2015 13:32,21.6,327.2,-22.5,3.642,3.629,33,31,9.82,29.53
3574851,1/10/2015 19:34,21.6,327.1,-22.5,3.643,3.63,33,31,9.83,29.58
1881770,15/1/2015 17:37,21.6,327.2,-22.5,3.642,3.629,33,31,9.86,29.63
2564911,21/1/2015 17:06,22,327.1,-22.5,3.643,3.629,33,31,9.87,29.68
7028441,21/1/2015 23:01,22,327.1,-22.5,3.643,3.629,33,31,9.889999,29.73
2162299,29/1/2015 1:24,22,327.1,-22.5,3.643,3.63,33,31,9.91,29.78
5859533,27/1/2015 23:00,22,327.2,-22.5,3.642,3.63,33,31,9.92,29.83
4317364,28/1/2015 22:57,22,327.2,-22.5,3.643,3.63,33,31,9.94,29.88
1176150,3/2/2015 17:59,22,327.2,-22.5,3.643,3.629,33,31,9.95,29.93
6226034,3/2/2015 22:59,22,327.2,-22.5,3.643,3.631,33,31,9.98,30
4366553,4/2/2015 17:00,22,327.2,-22.5,3.644,3.63,33,31,9.99,30.05
3217970,6/2/2015 16:38,22,327.2,-22.5,3.643,3.63,33,31,10.01,30.1
7786095,10/2/2015 17:44,22,327.2,-22.5,3.644,3.63,33,31,10.02,30.15
4705451,12/2/2015 23:21,22,327.2,-22.5,3.644,3.631,33,31,10.04,30.2
1699715,16/2/2015 17:24,22.4,327.2,-22.5,3.644,3.631,33,31,10.06,30.25
7648104,18/2/2015 16:54,22.4,327.2,-22.5,3.644,3.631,33,31,10.07,30.3
4635698,18/2/2015 22:44,22.4,327.2,-22.5,3.644,3.631,33,31,10.09,30.35
3923928,19/2/2015 17:08,22.4,327.4,-22.5,3.644,3.631,33,31,10.11,30.4
8791850,19/2/2015 23:12,22.4,327.4,-22.5,3.645,3.631,33,31,10.12,30.45
1824270,23/2/2015 23:00,22.4,327.4,-22.5,3.644,3.632,33,31,10.14,30.49
2321993,12/3/2015 19:43,22.4,327.2,-22.5,3.645,3.632,33,31,10.16,30.54
7906889,12/3/2015 21:56,22.4,327.4,-22.5,3.644,3.632,33,31,10.18,30.61
5923518,13/3/2015 21:49,22.4,327.4,-22.5,3.645,3.632,33,31,10.19,30.66
4264640,17/3/2015 21:59,22.4,327.4,-22.5,3.645,3.632,33,31,10.22,30.71
6087939,23/3/2015 17:21,22.4,327.4,-22.5,3.645,3.632,33,31,10.23,30.76
2097707,30/3/2015 21:34,22.8,327.4,-22.5,3.645,3.632,33,31,10.24,30.81
9090606,31/3/2015 21:59,22.8,327.4,-22.5,3.646,3.633,33,31,10.27,30.86
4833980,1/4/2015 21:59,22.8,327.4,-22.5,3.646,3.633,33,31,10.28,30.91
9998981,2/4/2015 20:22,22.8,327.4,-22.5,3.646,3.633,33,31,10.29,30.96
1968884,6/4/2015 15:55,22.8,327.4,-22.5,3.646,3.632,33,31,10.31,31.01
4775619,6/4/2015 17:03,22.8,327.4,-22.5,3.645,3.633,33,31,10.33,31.06
7165535,7/4/2015 22:00,22.8,327.4,-22.5,3.646,3.633,33,31,10.35,31.11
6108765,17/4/2015 20:00,22.8,327.5,-22.5,3.646,3.633,33,31,10.37,31.17
5431268,27/4/2015 21:51,22.8,327.4,-22.5,3.646,3.633,33,31,10.38,31.22
8807066,28/4/2015 18:09,22.8,327.4,-22.5,3.646,3.633,33,31,10.4,31.28
2366312,29/4/2015 21:53,23.2,327.4,-22.5,3.646,3.634,33,31,10.42,31.33
6533184,30/4/2015 22:10,23.2,327.5,-22.5,3.647,3.634,33,31,10.43,31.38
8146919,1/5/2015 22:02,23.2,327.5,-22.5,3.647,3.634,33,31,10.45,31.44
9240795,4/5/2015 16:04,23.2,327.5,-22.5,3.646,3.634,33,31,10.47,31.48
9131704,4/5/2015 21:57,23.2,327.5,-22.5,3.647,3.634,33,31,10.48,31.53
8258612,5/5/2015 21:58,23.2,327.5,-22.5,3.646,3.634,33,31,10.5,31.58
5663108,13/5/2015 21:55,23.2,327.5,-22.5,3.646,3.634,33,31,10.52,31.64
6649705,14/5/2015 18:41,23.2,327.5,-22.5,3.647,3.635,33,31,10.54,31.69
5226944,14/5/2015 21:52,23.2,327.5,-22.5,3.647,3.635,33,31,10.55,31.74
8829161,15/5/2015 19:36,23.2,327.5,-22.5,3.647,3.635,33,31,10.58,31.79
6295415,18/5/2015 22:07,23.2,327.5,-22.5,3.647,3.635,33,31,10.59,31.84
2486127,19/5/2015 21:34,23.6,327.5,-22.5,3.647,3.635,33,31,10.61,31.91
3297805,20/5/2015 21:54,23.6,327.5,-22.5,3.647,3.635,33,31,10.63,31.96
8025036,21/5/2015 21:46,23.6,327.5,-22.5,3.648,3.635,33,31,10.65,32.01
6067782,27/5/2015 22:01,23.6,327.5,-22.5,3.648,3.635,33,31,10.65,32.04
5570215,29/5/2015 21:52,23.6,327.7,-22.5,3.648,3.636,33,31,10.68,32.11
4150137,2/6/2015 21:46,23.6,327.5,-22.5,3.648,3.635,33,31,10.7,32.16
1851465,3/6/2015 21:55,23.6,327.7,-22.5,3.648,3.635,33,31,10.71,32.21
8612143,4/6/2015 15:53,23.6,327.5,-22.5,3.648,3.636,33,31,10.73,32.26
1256772,4/6/2015 22:05,23.6,327.7,-22.5,3.648,3.636,33,31,10.74,32.31
6326627,8/6/2015 22:00,23.6,327.7,-22.5,3.649,3.636,33,31,10.77,32.37
9547336,10/6/2015 15:42,24,327.7,-22.5,3.648,3.636,33,31,10.78,32.43
2660497,10/6/2015 21:52,24,327.7,-22.5,3.648,3.636,33,31,10.8,32.48
7264751,11/6/2015 21:55,24,327.7,-22.5,3.648,3.636,33,31,10.81,32.53
4974779,12/6/2015 15:41,24,327.7,-22.5,3.648,3.636,33,31,10.83,32.58
4575807,12/6/2015 21:45,24,327.7,-22.5,3.649,3.635,33,31,10.85,32.62
9976151,15/6/2015 15:31,24,327.7,-22.5,3.649,3.637,33,31,10.86,32.67
1258066,15/6/2015 19:11,24,327.7,-22.5,3.649,3.637,33,31,10.88,32.72
8999662,16/6/2015 21:56,24,327.7,-22.5,3.649,3.637,33,31,10.9,32.77
3839404,17/6/2015 21:57,24,327.7,-22.5,3.65,3.637,33,31,10.91,32.82
3416621,18/6/2015 21:42,24,327.7,-22.5,3.65,3.637,33,31,10.93,32.89
6905541,22/6/2015 21:57,24,327.7,-22.5,3.649,3.637,33,31,10.96,32.94
1104463,23/6/2015 18:00,24.4,327.8,-22.5,3.65,3.638,33,31,10.97,32.99
3913179,24/6/2015 21:59,24.4,327.8,-22.5,3.65,3.637,33,31,10.98,33.04
2011252,26/6/2015 17:13,24.4,327.8,-22.5,3.65,3.638,33,31,11.01,33.09
6076670,26/6/2015 21:49,24.4,327.8,-22.5,3.65,3.638,33,31,11.02,33.14
1890363,29/6/2015 21:40,24.4,327.7,-22.5,3.651,3.639,33,31,11.04,33.19
5997459,30/6/2015 21:54,24.4,327.8,-22.5,3.65,3.638,33,31,11.06,33.24
7179065,1/7/2015 21:55,24.4,327.8,-22.5,3.651,3.639,33,31,11.07,33.29
4506034,6/7/2015 22:05,24.4,327.8,-22.5,3.651,3.638,33,31,11.09,33.34
7461794,8/7/2015 21:42,24.4,327.8,-22.5,3.65,3.638,33,31,11.1,33.39
3320247,15/7/2015 21:59,24.4,327.8,-22.5,3.65,3.638,33,31,11.12,33.44
2118414,16/7/2015 22:01,24.8,327.8,-22.5,3.65,3.638,33,31,11.14,33.5
8679380,17/7/2015 21:53,24.8,327.8,-22.5,3.651,3.638,33,31,11.16,33.55
2409826,20/7/2015 21:49,24.8,327.8,-22.5,3.651,3.638,33,31,11.17,33.6
7817859,21/7/2015 21:54,24.8,328,-22.5,3.651,3.639,33,31,11.19,33.65
6935812,23/7/2015 22:05,24.8,327.8,-22.5,3.651,3.639,33,32,11.21,33.7
5155934,27/7/2015 22:02,24.8,328,-22.5,3.651,3.639,33,32,11.23,33.77
5808039,28/7/2015 22:00,24.8,328,-22.5,3.651,3.639,33,32,11.24,33.82
4193479,29/7/2015 21:59,24.8,328,-22.5,3.651,3.639,33,32,11.27,33.87
1859460,30/7/2015 21:52,24.8,328,-22.5,3.652,3.639,33,32,11.27,33.91
4861447,3/8/2015 16:16,24.8,328,-22.5,3.651,3.639,33,32,11.29,33.97
6675795,3/8/2015 19:13,24.8,328,-22.5,3.651,3.639,33,32,11.32,34.02
7296683,3/8/2015 21:54,25.2,328,-22.5,3.652,3.64,33,32,11.33,34.07
5164549,4/8/2015 21:58,25.2,328,-22.5,3.652,3.639,33,32,11.34,34.12
3898980,5/8/2015 16:00,25.2,328,-22.5,3.653,3.64,33,32,11.37,34.17
6186530,5/8/2015 21:55,25.2,328,-22.5,3.652,3.64,33,32,11.39,34.24
8842700,6/8/2015 19:20,25.2,328,-22.5,3.652,3.639,33,32,11.4,34.29
2890933,6/8/2015 22:04,25.2,328,-22.5,3.652,3.64,33,32,11.42,34.34
7556587,7/8/2015 16:15,25.2,328,-22.5,3.653,3.64,33,32,11.44,34.39
8170464,7/8/2015 20:45,25.2,328,-22.5,3.653,3.64,33,32,11.45,34.44
8958839,10/8/2015 17:56,25.2,328.2,-22.5,3.652,3.64,33,32,11.47,34.48
1792624,11/8/2015 15:38,25.2,328,-22.5,3.653,3.641,33,32,11.49,34.53
2838084,11/8/2015 21:52,25.6,328.2,-22.5,3.654,3.64,33,32,11.5,34.58
8471653,13/8/2015 18:38,25.6,328,-22.5,3.653,3.64,33,32,11.52,34.63
4105012,13/8/2015 21:45,25.6,328.2,-22.5,3.653,3.641,33,32,11.54,34.7
2834438,17/8/2015 20:01,25.6,328,-22.5,3.654,3.641,33,32,11.56,34.75
8161363,17/8/2015 21:28,25.6,328.2,-22.5,3.654,3.641,33,32,11.57,34.8
2016392,18/8/2015 17:51,25.6,328.2,-22.5,3.654,3.641,33,32,11.59,34.85
5098975,19/8/2015 21:11,25.6,328.2,-22.5,3.654,3.642,33,32,11.61,34.9
2968857,20/8/2015 22:02,25.6,328.2,-22.5,3.654,3.641,33,32,11.62,34.95
2095458,21/8/2015 21:29,25.6,328.2,-22.5,3.654,3.641,33,32,11.64,35
6992976,24/8/2015 17:50,25.6,328.2,-22.5,3.653,3.642,33,32,11.65,35.05
3059726,25/8/2015 21:44,25.6,328.2,-22.5,3.654,3.642,33,32,11.67,35.1
2896987,26/8/2015 16:01,26,328.3,-22.5,3.654,3.642,33,32,11.69,35.15
7903886,27/8/2015 15:21,26,328.2,-22.5,3.654,3.642,33,32,11.7,35.2
6808795,27/8/2015 18:17,26,328.2,-22.5,3.654,3.643,33,32,11.73,35.26
5239236,27/8/2015 22:00,26,328.3,-22.5,3.654,3.643,33,32,11.75,35.31
1547224,31/8/2015 16:24,26,328.3,-22.5,3.654,3.643,33,32,11.76,35.36
8402166,31/8/2015 22:02,26,328.3,-22.5,3.654,3.643,33,32,11.78,35.42
2022698,1/9/2015 18:56,26,328.2,-22.5,3.655,3.643,33,32,11.8,35.47
9150409,1/9/2015 21:33,26,328.3,-22.5,3.655,3.643,33,32,11.81,35.52
9820762,2/9/2015 14:46,26,328.3,-22.5,3.655,3.642,33,32,11.83,35.57
3992691,2/9/2015 17:29,26,328.3,-22.5,3.656,3.643,33,32,11.85,35.63
8608385,2/9/2015 22:07,26.4,328.2,-22.5,3.655,3.643,33,32,11.87,35.68
3443841,3/9/2015 16:22,26.4,328.3,-22.5,3.655,3.643,33,32,11.88,35.73
1918100,3/9/2015 21:57,26.4,328.3,-22.5,3.655,3.643,33,32,11.9,35.78
9091743,4/9/2015 15:02,26.4,328.3,-22.5,3.655,3.643,33,32,11.92,35.83
3071699,4/9/2015 21:25,26.4,328.3,-22.5,3.656,3.644,33,32,11.93,35.88
9319901,8/9/2015 21:58,26.4,328.3,-22.5,3.656,3.644,33,32,11.95,35.93
1466557,9/9/2015 21:57,26.4,328.3,-22.5,3.656,3.643,33,32,11.97,35.98
6841106,10/9/2015 15:07,26.4,328.3,-22.5,3.656,3.644,33,32,11.99,36.05
2866748,10/9/2015 18:22,26.4,328.3,-22.5,3.656,3.644,33,32,12.01,36.1
9328629,10/9/2015 21:59,26.4,328.3,-22.5,3.656,3.644,33,32,12.02,36.15
7589250,16/9/2015 15:18,26.4,328.3,-22.5,3.656,3.644,33,32,12.04,36.2
9666597,16/9/2015 16:09,26.8,328.3,-22.5,3.656,3.644,33,32,12.06,36.25
7823660,16/9/2015 21:21,26.8,328.3,-22.5,3.657,3.644,33,32,12.07,36.3
6535290,17/9/2015 15:44,26.8,328.5,-22.5,3.657,3.644,33,32,12.08,36.34
8836927,17/9/2015 21:49,26.8,328.3,-22.5,3.657,3.644,33,32,12.11,36.39
3366363,18/9/2015 15:15,26.8,328.3,-22.5,3.657,3.644,33,32,12.13,36.46
6962786,21/9/2015 22:07,26.8,328.5,-22.5,3.656,3.646,33,32,12.14,36.51
4821714,22/9/2015 15:58,26.8,328.5,-22.5,3.657,3.645,33,32,12.16,36.57
3990185,22/9/2015 21:44,26.8,328.5,-22.5,3.657,3.645,33,32,12.18,36.61
5654142,23/9/2015 15:43,26.8,328.5,-22.5,3.657,3.645,33,32,12.19,36.66
6985154,23/9/2015 21:46,26.8,328.5,-22.5,3.657,3.645,33,32,12.21,36.71
2817368,24/9/2015 15:48,27.2,328.5,-22.5,3.657,3.646,33,32,12.23,36.76
9044406,24/9/2015 21:19,27.2,328.5,-22.5,3.657,3.645,33,32,12.24,36.81
4681905,28/9/2015 15:49,27.2,328.5,-22.5,3.657,3.646,33,32,12.26,36.87
6153695,28/9/2015 18:14,27.2,328.5,-22.5,3.657,3.646,33,32,12.28,36.92
6012875,28/9/2015 20:52,27.2,328.5,-22.5,3.657,3.645,33,32,12.3,36.97
9330222,29/9/2015 21:06,27.2,328.5,-22.5,3.658,3.646,33,32,12.31,37.03
3795699,30/9/2015 14:47,27.2,328.6,-22.5,3.657,3.646,33,32,12.33,37.08
9481325,30/9/2015 21:07,27.2,328.6,-22.5,3.657,3.645,33,32,12.35,37.13
1853161,1/10/2015 16:20,27.2,328.6,-22.5,3.657,3.646,33,32,12.36,37.18
5446583,18/8/2015 14:44,27.2,328.5,-22.5,3.658,3.646,33,32,12.38,37.23
4613021,19/8/2015 20:32,27.2,328.6,-22.5,3.658,3.646,33,32,12.4,37.29
5055800,19/3/2015 18:16,27.6,328.6,-22.5,3.658,3.646,33,32,12.42,37.34
6919729,23/3/2015 18:09,27.6,328.6,-22.5,3.658,3.647,33,32,12.44,37.39
5906960,24/3/2015 18:33,27.6,328.6,-22.5,3.659,3.647,33,32,12.45,37.44
5129400,8/4/2015 16:41,27.6,328.5,-22.5,3.659,3.646,33,32,12.47,37.49
4842703,20/2/2015 22:22,27.6,328.6,-22.5,3.658,3.647,33,32,12.49,37.56
7989311,24/2/2015 21:12,27.6,328.6,-22.5,3.659,3.646,33,32,12.5,37.59
9566229,14/1/2015 16:02,27.6,328.6,-22.5,3.66,3.647,34,32,12.52,37.64
2977982,15/1/2015 16:09,27.6,328.6,-22.5,3.659,3.647,34,32,12.54,37.69
9472597,16/1/2015 19:12,27.6,328.6,-22.5,3.659,3.646,34,32,12.56,37.76
6540059,20/1/2015 16:43,27.6,328.6,-22.5,3.659,3.647,34,32,12.57,37.81
7421955,20/1/2015 17:33,28,328.6,-22.5,3.66,3.648,34,32,12.59,37.86
4789991,21/1/2015 16:37,28,328.6,-22.5,3.66,3.647,34,32,12.61,37.91
4185441,22/1/2015 16:31,28,328.6,-22.5,3.66,3.647,34,32,12.62,37.96
6133324,22/1/2015 21:20,28,328.6,-22.5,3.66,3.647,34,32,12.64,38.01
9051503,29/1/2015 20:09,28,328.8,-22.5,3.66,3.647,34,32,12.66,38.06
5324573,6/2/2015 16:04,28,328.8,-22.5,3.66,3.648,34,32,12.68,38.12
9101769,11/2/2015 17:13,28,328.8,-22.5,3.66,3.648,34,32,12.7,38.18
4322385,11/2/2015 21:53,28,328.8,-22.5,3.66,3.648,34,32,12.71,38.23
1784534,12/2/2015 15:58,28,328.8,-22.5,3.66,3.648,34,32,12.73,38.28
8053399,12/2/2015 20:44,28,328.8,-22.5,3.66,3.647,34,32,12.75,38.33
2630978,19/2/2015 17:14,28,328.8,-22.5,3.661,3.648,34,32,12.76,38.38
3673354,20/2/2015 16:34,28.4,328.8,-22.5,3.661,3.648,34,32,12.78,38.43
6048004,24/2/2015 16:56,28.4,328.8,-22.5,3.661,3.648,34,32,12.8,38.47
8630811,11/3/2015 22:38,28.4,328.8,-22.5,3.661,3.648,34,32,12.82,38.54
7093670,18/11/2014 18:26,28.4,328.8,-22.5,3.66,3.649,34,32,12.83,38.59
3730551,19/11/2014 22:10,28.4,328.8,-22.5,3.661,3.649,34,32,12.85,38.64
7080329,20/11/2014 21:48,28.4,328.8,-22.5,3.661,3.648,34,32,12.87,38.69
3829635,21/11/2014 21:31,28.4,328.9,-22.5,3.661,3.649,34,32,12.88,38.74
6139758,24/11/2014 19:31,28.4,328.8,-22.5,3.661,3.649,34,32,12.9,38.81
2654056,25/11/2014 21:42,28.4,328.8,-22.5,3.662,3.649,34,32,12.92,38.84
7390629,1/12/2014 21:40,28.4,328.9,-22.5,3.661,3.65,34,32,12.93,38.89
5669861,2/12/2014 21:08,28.8,328.9,-22.5,3.662,3.65,34,32,12.95,38.96
3025002,15/12/2014 16:05,28.8,328.9,-22.5,3.662,3.649,34,32,12.98,39
7371202,17/12/2014 21:15,28.8,328.9,-22.5,3.662,3.65,34,32,12.99,39.05
5767563,18/12/2014 16:16,28.8,328.9,-22.5,3.661,3.65,34,32,13,39.1
4312867,5/1/2015 21:02,28.8,328.9,-22.5,3.663,3.649,34,32,13.02,39.15
4568756,6/1/2015 14:17,28.8,328.9,-22.5,3.662,3.65,34,32,13.04,39.2
9866287,28/1/2015 21:44,28.8,328.9,-22.5,3.661,3.65,34,32,13.05,39.25
3892724,29/1/2015 14:12,28.8,328.9,-22.5,3.662,3.651,34,32,13.08,39.32
8362719,29/1/2015 21:20,28.8,328.9,-22.5,3.662,3.65,34,32,13.09,39.37
9502349,30/1/2015 14:33,28.8,328.9,-22.5,3.663,3.65,34,32,13.11,39.42
1233865,10/2/2015 18:47,28.8,328.9,-22.5,3.663,3.65,34,32,13.13,39.47
5756621,11/2/2015 21:40,29.2,328.9,-22.5,3.663,3.65,34,32,13.14,39.52
9310274,12/2/2015 21:47,29.2,328.9,-22.5,3.663,3.65,34,32,13.16,39.57
6607225,13/2/2015 17:06,29.2,328.9,-22.5,3.662,3.652,34,32,13.18,39.62
4253199,17/2/2015 18:21,29.2,328.9,-22.5,3.663,3.651,34,32,13.19,39.67
3834284,19/2/2015 15:10,29.2,328.9,-22.5,3.663,3.65,34,32,13.21,39.72
5387517,24/2/2015 18:48,29.2,328.9,-22.5,3.662,3.651,34,32,13.23,39.77
5528232,25/2/2015 20:30,29.2,328.9,-22.5,3.663,3.651,34,32,13.24,39.82
5285180,10/3/2015 15:20,29.2,329.1,-22.5,3.664,3.651,34,32,13.26,39.89
9855221,11/3/2015 21:35,29.2,328.9,-22.5,3.664,3.65,34,32,13.28,39.94
5770371,13/3/2015 18:41,29.2,328.9,-22.5,3.664,3.651,34,32,13.3,39.99
1471021,19/3/2015 21:10,29.6,329.1,-22.5,3.664,3.651,34,32,13.31,40.04
3536729,23/3/2015 14:21,29.6,329.1,-22.5,3.664,3.652,34,32,13.34,40.09
3830144,24/3/2015 12:51,29.6,329.1,-22.5,3.664,3.651,34,32,13.35,40.14
8007689,25/3/2015 15:09,29.6,329.1,-22.5,3.664,3.652,34,32,13.36,40.19
2142462,26/3/2015 18:12,29.6,329.1,-22.5,3.664,3.651,34,32,13.38,40.24
7591864,27/3/2015 15:15,29.6,329.1,-22.5,3.665,3.651,34,32,13.4,40.29
6082608,30/3/2015 15:54,29.6,329.1,-22.5,3.665,3.653,34,32,13.42,40.35
5151634,31/3/2015 16:47,29.6,329.1,-22.5,3.664,3.653,34,32,13.44,40.4
5006104,1/4/2015 15:29,29.6,329.1,-22.5,3.664,3.652,34,32,13.45,40.45
1644003,2/4/2015 11:30,29.6,329.1,-22.5,3.664,3.652,34,32,13.47,40.5
9959617,9/4/2015 17:18,29.6,329.2,-22.5,3.664,3.653,34,32,13.49,40.55
3783080,13/4/2015 20:07,30,329.1,-22.5,3.664,3.653,34,32,13.51,40.62
2096115,15/4/2015 14:24,30,329.1,-22.5,3.665,3.653,34,32,13.52,40.65
6841561,15/4/2015 14:57,30,329.2,-22.5,3.665,3.654,34,32,13.54,40.7
7049550,15/4/2015 19:09,30,329.1,-22.5,3.665,3.653,34,32,13.55,40.75
4275838,24/4/2015 15:06,30,329.2,-22.5,3.665,3.653,34,32,13.57,40.82
6235741,28/4/2015 20:58,30,329.2,-22.5,3.665,3.653,34,32,13.59,40.86
9577350,8/5/2015 14:41,30,329.2,-22.5,3.665,3.654,34,32,13.61,40.91
4734743,4/6/2015 16:20,30,329.2,-22.5,3.666,3.653,34,32,13.62,40.96
7776052,21/7/2015 16:04,30,329.2,-22.5,3.665,3.653,34,32,13.64,41.01
3990853,8/4/2015 21:25,30,329.2,-22.5,3.666,3.654,34,32,13.67,41.09
4459427,9/4/2015 21:26,30.4,329.2,-22.5,3.666,3.654,34,32,13.68,41.13
7635898,10/4/2015 20:58,30.4,329.2,-22.5,3.666,3.654,34,32,13.69,41.18
8969594,13/4/2015 21:14,30.4,329.2,-22.5,3.666,3.654,34,32,13.72,41.23
7197033,14/4/2015 21:20,30.4,329.2,-22.5,3.666,3.653,34,32,13.73,41.28
4884677,15/4/2015 19:42,30.4,329.2,-22.5,3.666,3.654,34,32,13.74,41.33
2147361,16/4/2015 21:13,30.4,329.2,-22.5,3.666,3.654,34,32,13.77,41.38
3770628,17/4/2015 21:10,30.4,329.2,-22.5,3.667,3.655,34,32,13.78,41.43
9801335,20/4/2015 16:18,30.4,329.2,-22.5,3.666,3.654,34,32,13.8,41.48
7641189,21/4/2015 21:18,30.4,329.2,-22.5,3.666,3.654,34,32,13.81,41.53
1771880,22/4/2015 21:14,30.4,329.2,-22.5,3.667,3.654,34,32,13.83,41.58
6289147,23/4/2015 16:16,30.4,329.4,-22.5,3.667,3.655,34,32,13.85,41.63
3952058,24/4/2015 20:57,30.8,329.4,-22.5,3.667,3.654,34,32,13.87,41.7
5767031,27/4/2015 16:06,30.8,329.4,-22.5,3.666,3.654,34,32,13.88,41.75
1974663,28/4/2015 16:11,30.8,329.4,-22.5,3.667,3.654,34,32,13.9,41.8
7943741,29/4/2015 17:47,30.8,329.4,-22.5,3.668,3.654,34,32,13.92,41.85
4147556,30/4/2015 16:35,30.8,329.4,-22.5,3.668,3.654,34,32,13.93,41.9
1509895,1/5/2015 21:17,30.8,329.4,-22.5,3.668,3.656,34,32,13.95,41.95
6432670,4/5/2015 16:40,30.8,329.4,-22.5,3.667,3.655,34,32,13.97,42
7871544,5/5/2015 21:20,30.8,329.4,-22.5,3.668,3.656,34,32,13.98,42.05
5055422,6/5/2015 16:54,30.8,329.4,-22.5,3.668,3.656,34,32,14,42.1
9982427,7/5/2015 21:09,30.8,329.6,-22.5,3.668,3.656,34,32,14.02,42.15
1092006,8/5/2015 21:17,31.2,329.4,-22.5,3.668,3.655,34,32,14.04,42.21
2735458,11/5/2015 21:14,31.2,329.6,-22.5,3.668,3.655,34,32,14.05,42.26
7627992,12/5/2015 21:11,31.2,329.4,-22.5,3.668,3.656,34,32,14.08,42.32
1718423,13/5/2015 21:19,31.2,329.6,-22.5,3.668,3.656,34,32,14.09,42.37
9192828,14/5/2015 16:12,31.2,329.6,-22.5,3.669,3.656,34,32,14.1,42.42
1572979,15/5/2015 21:20,31.2,329.4,-22.5,3.669,3.656,34,32,14.13,42.46
3487904,18/5/2015 21:08,31.2,329.6,-22.5,3.668,3.657,34,32,14.14,42.51
6763610,19/5/2015 21:07,31.2,329.4,-22.5,3.669,3.657,34,32,14.15,42.56
2012032,20/5/2015 16:14,31.2,329.6,-22.5,3.669,3.656,34,32,14.17,42.61
9373410,21/5/2015 21:17,31.2,329.6,-22.5,3.669,3.657,34,32,14.2,42.68
7529207,22/5/2015 19:09,31.2,329.6,-22.5,3.669,3.657,34,32,14.21,42.72
3669573,26/5/2015 21:20,31.6,329.6,-22.5,3.669,3.657,34,32,14.23,42.78
1986133,27/5/2015 21:17,31.6,329.6,-22.5,3.669,3.656,34,32,14.24,42.83
6948821,28/5/2015 21:18,31.6,329.6,-22.5,3.669,3.656,34,32,14.26,42.88
3614527,29/5/2015 21:13,31.6,329.6,-22.5,3.67,3.658,34,32,14.28,42.93
4136508,1/6/2015 21:18,31.6,329.6,-22.5,3.669,3.657,34,32,14.3,42.99
3086685,2/6/2015 21:12,31.6,329.6,-22.5,3.669,3.658,34,32,14.31,43.04
1646115,3/6/2015 21:09,31.6,329.6,-22.5,3.67,3.658,34,32,14.33,43.08
2774472,4/6/2015 21:11,31.6,329.6,-22.5,3.67,3.657,34,32,14.35,43.14
9846685,5/6/2015 21:20,31.6,329.6,-22.5,3.67,3.657,34,32,14.36,43.19
8226298,8/6/2015 21:13,31.6,329.7,-22.5,3.67,3.658,34,32,14.38,43.24
2451482,9/6/2015 21:14,32,329.7,-22.5,3.67,3.657,34,32,14.4,43.29
1973215,10/6/2015 21:17,32,329.7,-22.5,3.67,3.658,34,32,14.41,43.34
1279402,11/6/2015 21:16,32,329.7,-22.5,3.671,3.658,34,32,14.43,43.39
7508235,16/6/2015 20:51,32,329.7,-22.5,3.67,3.658,34,32,14.46,43.46
3413837,17/6/2015 21:15,32,329.7,-22.5,3.671,3.657,34,32,14.47,43.51
8101955,18/6/2015 21:15,32,329.7,-22.5,3.671,3.659,34,32,14.49,43.56
5102547,19/6/2015 21:12,32,329.7,-22.5,3.671,3.659,34,32,14.51,43.61
5636445,22/6/2015 21:17,32,329.7,-22.5,3.672,3.658,34,32,14.52,43.66
9979037,23/6/2015 21:22,32,329.7,-22.5,3.672,3.659,34,32,14.54,43.71
8350412,24/6/2015 21:15,32,329.7,-22.5,3.671,3.659,34,32,14.56,43.76
8738836,26/6/2015 16:18,32,329.7,-22.5,3.672,3.658,34,32,14.57,43.81
4301228,6/7/2015 15:53,32.4,329.7,-22.5,3.672,3.659,34,32,14.59,43.86
8570311,7/7/2015 16:04,32.4,329.7,-22.5,3.672,3.659,34,32,14.6,43.91
3586411,8/7/2015 15:37,32.4,329.7,-22.5,3.672,3.659,34,32,14.62,43.96
8795078,9/7/2015 16:11,32.4,329.9,-22.5,3.672,3.659,34,32,14.64,44.03
6741360,10/7/2015 16:08,32.4,329.7,-22.5,3.672,3.66,34,32,14.66,44.08
3514859,13/7/2015 21:08,32.4,329.9,-22.5,3.672,3.659,34,32,14.67,44.13
1636865,14/7/2015 21:08,32.4,329.9,-22.5,3.672,3.66,34,32,14.69,44.18
9424700,15/7/2015 16:04,32.4,329.9,-22.5,3.673,3.66,34,32,14.71,44.23
3244147,16/7/2015 16:59,32.4,329.9,-22.5,3.673,3.66,34,32,14.72,44.28
4923767,17/7/2015 20:40,32.4,329.9,-22.5,3.672,3.661,34,32,14.74,44.32
2584531,20/7/2015 16:53,32.4,329.9,-22.5,3.673,3.66,34,32,14.76,44.37
3701503,21/7/2015 13:20,32.8,329.9,-22.5,3.673,3.66,34,32,14.77,44.42
1814207,22/7/2015 14:43,32.8,329.9,-22.5,3.673,3.66,34,32,14.79,44.47
3219175,23/7/2015 14:46,32.8,329.9,-22.5,3.673,3.66,34,32,14.81,44.52
8707146,27/7/2015 14:58,32.8,329.9,-22.5,3.673,3.66,34,32,14.83,44.59
9226641,28/7/2015 15:40,32.8,329.9,-22.5,3.673,3.661,34,32,14.84,44.64
5806483,29/7/2015 15:47,32.8,329.9,-22.5,3.673,3.66,34,32,14.87,44.69
4469845,31/7/2015 15:42,32.8,329.9,-22.5,3.674,3.661,34,32,14.88,44.74
1218571,3/8/2015 21:16,32.8,329.9,-22.5,3.673,3.661,34,32,14.89,44.79
1413774,4/8/2015 15:17,32.8,329.9,-22.5,3.674,3.661,34,32,14.92,44.84
6911510,5/8/2015 15:55,32.8,330,-22.5,3.674,3.661,34,32,14.93,44.89
8312688,6/8/2015 15:32,33.2,329.9,-22.5,3.673,3.662,34,32,14.95,44.94
3300067,7/8/2015 15:53,33.2,330,-22.5,3.674,3.661,34,32,14.96,44.99
9162594,10/8/2015 15:54,33.2,330,-22.5,3.674,3.661,34,32,14.98,45.04
3257014,11/8/2015 15:25,33.2,330,-22.5,3.675,3.662,34,32,15,45.09
5075871,12/8/2015 21:30,33.2,330,-22.5,3.675,3.662,34,32,15.02,45.15
1420415,13/8/2015 21:11,33.2,330,-22.5,3.675,3.662,34,32,15.03,45.2
6782716,14/8/2015 16:02,33.2,330,-22.5,3.674,3.662,34,32,15.05,45.25
4438961,17/8/2015 17:37,33.2,330,-22.5,3.675,3.662,34,32,15.07,45.31
7004214,18/8/2015 15:22,33.2,330.2,-22.5,3.675,3.661,34,32,15.08,45.36
5954651,21/8/2015 15:22,33.2,330,-22.5,3.675,3.662,34,32,15.1,45.41
5706503,24/8/2015 15:32,33.2,330,-22.5,3.675,3.662,34,32,15.12,45.47
1131719,25/8/2015 15:48,33.6,330,-22.5,3.675,3.662,34,32,15.14,45.52
3728340,26/8/2015 15:14,33.6,330,-22.5,3.676,3.662,34,32,15.15,45.57
9998167,27/8/2015 15:42,33.6,330.2,-22.5,3.676,3.663,34,32,15.17,45.61
2407671,28/8/2015 18:24,33.6,330.2,-22.5,3.675,3.662,34,32,15.19,45.67
2253366,31/8/2015 15:50,33.6,330,-22.5,3.675,3.663,34,32,15.2,45.72
9187633,1/9/2015 16:16,33.6,330.2,-22.5,3.675,3.662,34,32,15.23,45.77
1934640,2/9/2015 15:40,33.6,330.2,-22.5,3.676,3.663,34,32,15.24,45.82
4578343,3/9/2015 15:58,33.6,330.2,-22.5,3.677,3.663,34,32,15.25,45.87
4541949,4/9/2015 16:08,33.6,330.2,-22.5,3.676,3.663,34,32,15.28,45.92
1921311,8/9/2015 15:35,33.6,330.2,-22.5,3.676,3.664,34,32,15.29,45.97
3751236,9/9/2015 17:23,34,330.2,-22.5,3.676,3.663,34,32,15.3,46.02
2920778,10/9/2015 15:59,34,330.2,-22.5,3.676,3.664,34,32,15.33,46.09
4342521,11/9/2015 16:07,34,330.2,-22.5,3.677,3.664,34,32,15.35,46.14
4429498,14/9/2015 16:00,34,330.2,-22.5,3.677,3.663,34,32,15.36,46.18
9239932,15/9/2015 16:16,34,330.3,-22.5,3.677,3.664,34,32,15.37,46.22
6198413,16/9/2015 15:52,34,330.3,-22.5,3.677,3.664,34,32,15.39,46.28
6880401,17/9/2015 15:29,34,330.3,-22.5,3.677,3.664,34,32,15.41,46.33
4830439,18/9/2015 16:13,34,330.3,-22.5,3.677,3.665,34,32,15.43,46.38
2326907,21/9/2015 15:33,34,330.2,-22.5,3.677,3.664,34,32,15.44,46.43
5577655,22/9/2015 16:11,34,330.3,-22.5,3.677,3.664,34,32,15.46,46.48
8522652,23/9/2015 16:00,34,330.3,-22.5,3.677,3.664,34,32,15.48,46.53
4469933,24/9/2015 15:57,34.4,330.3,-22.5,3.678,3.665,34,32,15.5,46.6
6991114,28/9/2015 16:19,34.4,330.3,-22.5,3.678,3.664,34,33,15.51,46.65
7817917,29/9/2015 15:34,34.4,330.3,-22.5,3.678,3.665,34,33,15.53,46.7
5045622,30/9/2015 16:07,34.4,330.3,-22.5,3.678,3.666,34,33,15.55,46.75
7614796,1/10/2015 15:13,34.4,330.3,-22.5,3.679,3.666,34,33,15.56,46.8
5357155,1/10/2015 18:02,34.4,330.3,-22.5,3.679,3.666,34,33,15.58,46.85
2323371,2/10/2015 15:46,34.4,330.3,-22.5,3.678,3.666,34,33,15.6,46.9
9014128,10/4/2015 15:09,34.4,330.3,-22.5,3.679,3.665,34,33,15.61,46.95
2401306,10/4/2015 20:04,34.4,330.5,-22.5,3.679,3.665,34,33,15.64,47
4442463,22/4/2015 15:15,34.4,330.5,-22.5,3.679,3.665,34,33,15.65,47.05
1004821,22/4/2015 19:28,34.8,330.5,-22.5,3.678,3.666,34,33,15.66,47.1
4872813,23/4/2015 18:08,34.8,330.5,-22.5,3.679,3.666,34,33,15.69,47.17
4276377,24/4/2015 15:05,34.8,330.3,-22.5,3.679,3.665,34,33,15.71,47.22
8366487,24/4/2015 19:51,34.8,330.5,-22.5,3.679,3.666,34,33,15.72,47.27
4483998,27/4/2015 21:15,34.8,330.5,-22.5,3.679,3.667,34,33,15.74,47.32
5603144,28/4/2015 15:32,34.8,330.5,-22.5,3.68,3.666,34,33,15.75,47.37
9501475,29/4/2015 16:27,34.8,330.5,-22.5,3.679,3.666,34,33,15.77,47.42
4513783,29/4/2015 18:23,34.8,330.5,-22.5,3.68,3.666,34,33,15.79,47.47
5582046,30/4/2015 16:07,34.8,330.5,-22.5,3.68,3.667,34,33,15.8,47.51
5098316,4/5/2015 15:35,34.8,330.5,-22.5,3.68,3.667,34,33,15.82,47.56
2169165,5/5/2015 15:16,34.8,330.5,-22.5,3.681,3.666,34,33,15.84,47.61
4186453,6/5/2015 15:33,35.2,330.5,-22.5,3.681,3.667,34,33,15.85,47.66
3235843,7/5/2015 15:23,35.2,330.5,-22.5,3.68,3.668,34,33,15.87,47.73
7316241,7/5/2015 18:59,35.2,330.7,-22.5,3.68,3.668,34,33,15.89,47.78
4137720,8/5/2015 15:25,35.2,330.5,-22.5,3.681,3.667,34,33,15.91,47.83
1833836,8/5/2015 18:59,35.2,330.7,-22.5,3.68,3.668,34,33,15.92,47.88
6061059,13/5/2015 16:15,35.2,330.7,-22.5,3.68,3.668,34,33,15.94,47.93
9218685,14/5/2015 16:03,35.2,330.7,-22.5,3.681,3.668,34,33,15.96,47.98
4008318,14/5/2015 20:28,35.2,330.7,-22.5,3.681,3.668,34,33,15.97,48.03
1390433,15/5/2015 19:49,35.2,330.7,-22.5,3.681,3.668,34,33,15.99,48.08
3634959,18/5/2015 17:36,35.2,330.7,-22.5,3.682,3.668,34,33,16.01,48.13
9245348,18/5/2015 20:36,35.2,330.7,-22.5,3.682,3.669,34,33,16.02,48.18
4800886,26/5/2015 15:25,35.6,330.7,-22.5,3.681,3.668,34,33,16.04,48.23
3316682,27/5/2015 15:19,35.6,330.7,-22.5,3.682,3.668,34,33,16.07,48.3
2726710,27/5/2015 20:49,35.6,330.8,-22.5,3.681,3.669,34,33,16.08,48.35
2549645,28/5/2015 14:17,35.6,330.7,-22.5,3.682,3.668,34,33,16.1,48.4
2232233,28/5/2015 20:21,35.6,330.8,-22.5,3.682,3.668,34,33,16.11,48.45
6121924,29/5/2015 15:34,35.6,330.7,-22.5,3.682,3.669,34,33,16.13,48.5
9672364,1/6/2015 15:42,35.6,330.7,-22.5,3.682,3.669,34,33,16.15,48.55
5414014,2/6/2015 19:51,35.6,330.8,-22.5,3.682,3.669,34,33,16.16,48.6
8241612,2/6/2015 22:36,35.6,330.8,-22.5,3.682,3.669,35,33,16.18,48.65
6856434,3/6/2015 16:35,35.6,330.8,-22.5,3.682,3.668,34,33,16.2,48.7
6617960,22/6/2015 15:32,36,330.8,-22.5,3.682,3.67,35,33,16.21,48.75
3493064,22/6/2015 19:43,36,330.8,-22.5,3.683,3.67,35,33,16.23,48.8
1420142,23/6/2015 14:55,36,330.8,-22.5,3.683,3.67,35,33,16.25,48.86
7232597,24/6/2015 20:51,36,330.8,-22.5,3.683,3.669,35,33,16.26,48.89
4031436,25/6/2015 17:27,36,330.8,-22.5,3.684,3.671,35,33,16.28,48.96
3890573,6/7/2015 15:00,36,330.8,-22.5,3.683,3.67,35,33,16.3,49.01
5957528,7/7/2015 15:23,36,330.8,-22.5,3.684,3.671,35,33,16.32,49.06
3610877,9/7/2015 15:44,36,330.8,-22.5,3.684,3.67,35,33,16.33,49.11
3148040,10/7/2015 15:18,36,330.8,-22.5,3.684,3.67,35,33,16.35,49.18
5129256,10/7/2015 19:37,36,330.8,-22.5,3.684,3.671,35,33,16.38,49.23
2025999,13/7/2015 19:38,36,331,-22.5,3.684,3.67,35,33,16.38,49.26
7326590,14/7/2015 15:12,36.4,330.8,-22.5,3.685,3.671,35,33,16.4,49.31
9545869,15/7/2015 14:54,36.4,331,-22.5,3.685,3.671,35,33,16.43,49.37
3022582,15/7/2015 18:32,36.4,331,-22.5,3.685,3.67,35,33,16.44,49.42
1651791,16/7/2015 17:08,36.4,331,-22.5,3.685,3.671,35,33,16.45,49.47
6848580,21/7/2015 15:08,36.4,331,-22.5,3.685,3.671,35,33,16.47,49.52
8780486,22/7/2015 20:43,36.4,331,-22.5,3.686,3.671,35,33,16.49,49.57
5918314,23/7/2015 15:23,36.4,331,-22.5,3.685,3.671,35,33,16.5,49.62
3300228,23/7/2015 19:45,36.4,331,-22.5,3.685,3.671,35,33,16.52,49.68
2028042,24/7/2015 15:18,36.4,331,-22.5,3.686,3.671,35,33,16.54,49.73
4345273,24/7/2015 19:15,36.4,331,-22.5,3.685,3.672,35,33,16.56,49.79
8822866,13/8/2015 20:20,36.8,331,-22.5,3.685,3.672,35,33,16.57,49.83
9034274,14/8/2015 15:47,36.8,331.1,-22.5,3.686,3.672,35,33,16.59,49.88
9407595,14/8/2015 19:38,36.8,331.1,-22.5,3.685,3.672,35,33,16.61,49.93
4656787,17/8/2015 15:52,36.8,331.1,-22.5,3.686,3.672,35,33,16.63,49.99
6543711,18/8/2015 15:33,36.8,331,-22.5,3.686,3.672,35,33,16.64,50.04
5346091,19/8/2015 19:22,36.8,331,-22.5,3.686,3.672,35,33,16.66,50.09
8612115,27/8/2015 20:29,36.8,331.1,-22.5,3.686,3.673,35,33,16.68,50.14
1022066,28/8/2015 17:10,36.8,331.1,-22.5,3.686,3.673,35,33,16.69,50.19
1359091,31/8/2015 15:23,36.8,331.1,-22.5,3.686,3.672,35,33,16.71,50.24
2863191,31/8/2015 19:31,36.8,331.1,-22.5,3.686,3.672,35,33,16.73,50.29
9623794,1/9/2015 15:25,36.8,331.1,-22.5,3.687,3.673,35,33,16.75,50.36
7367338,2/9/2015 15:11,37.2,331.1,-22.5,3.687,3.674,35,33,16.76,50.41
6732728,3/9/2015 20:21,37.2,331.1,-22.5,3.687,3.674,35,33,16.79,50.46
5275056,4/9/2015 13:43,37.2,331.1,-22.5,3.687,3.673,35,33,16.8,50.51
5098049,4/9/2015 17:50,37.2,331.1,-22.5,3.687,3.673,35,33,16.81,50.56
1759878,4/9/2015 18:15,37.2,331.3,-22.5,3.688,3.673,35,33,16.83,50.61
2721803,8/9/2015 15:35,37.2,331.3,-22.5,3.687,3.673,35,33,16.85,50.66
3796312,10/9/2015 15:09,37.2,331.3,-22.5,3.688,3.674,35,33,16.86,50.7
2561734,10/9/2015 19:32,37.2,331.1,-22.5,3.688,3.674,35,33,16.88,50.75
8362530,11/9/2015 13:11,37.2,331.3,-22.5,3.689,3.674,35,33,16.9,50.8
6965708,11/9/2015 15:37,37.2,331.3,-22.5,3.689,3.674,35,33,16.91,50.85
3817883,18/9/2015 15:31,37.2,331.3,-22.5,3.688,3.675,35,33,16.94,50.93
6547511,22/9/2015 14:33,37.6,331.3,-22.5,3.688,3.674,35,33,16.95,50.97
6172610,22/9/2015 20:22,37.6,331.3,-22.5,3.689,3.675,35,33,16.97,51.02
1816036,23/9/2015 19:08,37.6,331.3,-22.5,3.689,3.675,35,33,16.98,51.06
4223288,24/9/2015 15:03,37.6,331.3,-22.5,3.689,3.675,35,33,17,51.12
5953142,24/9/2015 20:24,37.6,331.3,-22.5,3.689,3.675,35,33,17.02,51.17
8068842,25/9/2015 14:55,37.6,331.4,-22.5,3.69,3.674,35,33,17.04,51.22
4973729,25/9/2015 19:43,37.6,331.4,-22.5,3.69,3.675,35,33,17.05,51.27
9644087,28/9/2015 15:50,37.6,331.3,-22.5,3.69,3.676,35,33,17.07,51.32
9771407,28/9/2015 20:43,37.6,331.4,-22.5,3.69,3.675,35,33,17.09,51.37
6564940,29/9/2015 15:14,37.6,331.4,-22.5,3.69,3.676,35,33,17.1,51.42
6668098,30/9/2015 15:53,38,331.4,-22.5,3.69,3.676,35,33,17.12,51.49
1551705,1/10/2015 15:02,38,331.4,-22.5,3.69,3.676,35,33,17.14,51.54
1261345,2/10/2015 20:10,38,331.4,-22.5,3.69,3.676,35,33,17.16,51.59
2580459,24/8/2015 19:46,38,331.4,-22.5,3.691,3.675,35,33,17.17,51.64
7739891,25/8/2015 19:47,38,331.4,-22.5,3.69,3.676,35,33,17.19,51.69
9900336,28/8/2015 20:05,38,331.4,-22.5,3.691,3.676,35,33,17.21,51.74
6444804,31/8/2015 19:37,38,331.4,-22.5,3.691,3.676,35,33,17.22,51.79
1644680,1/9/2015 19:52,38,331.6,-22.5,3.69,3.677,35,33,17.24,51.84
3075742,2/9/2015 19:56,38,331.6,-22.5,3.691,3.676,35,33,17.26,51.89
9757229,8/9/2015 18:14,38,331.4,-22.5,3.692,3.676,35,33,17.27,51.94
5882422,9/9/2015 20:58,38,331.6,-22.5,3.691,3.677,35,33,17.29,51.99
1041671,10/9/2015 20:21,38.4,331.6,-22.5,3.691,3.677,35,33,17.31,52.05
8270693,14/9/2015 21:15,38.4,331.6,-22.5,3.692,3.678,35,33,17.33,52.1
7742438,16/9/2015 20:48,38.4,331.6,-22.5,3.691,3.677,35,33,17.35,52.15
9583732,17/9/2015 20:17,38.4,331.6,-22.5,3.692,3.677,35,33,17.36,52.21
3135155,18/9/2015 21:13,38.4,331.6,-22.5,3.693,3.678,35,33,17.38,52.26
7302524,21/9/2015 20:36,38.4,331.6,-22.5,3.692,3.678,35,33,17.4,52.3
9470169,23/9/2015 21:06,38.4,331.6,-22.5,3.693,3.678,35,33,17.41,52.35
7422046,24/9/2015 20:39,38.4,331.6,-22.5,3.693,3.678,35,33,17.43,52.4
4127268,28/9/2015 21:08,38.4,331.6,-22.5,3.693,3.678,35,33,17.45,52.45
6364973,29/9/2015 21:20,38.4,331.7,-22.5,3.692,3.679,35,33,17.46,52.5
1126904,30/9/2015 21:26,38.8,331.7,-22.5,3.692,3.678,35,33,17.48,52.55
8814963,1/10/2015 18:47,38.8,331.6,-22.5,3.693,3.679,35,33,17.5,52.6
5902992,12/3/2015 21:17,38.8,331.7,-22.5,3.693,3.679,35,33,17.52,52.67
4835360,13/3/2015 16:16,38.8,331.7,-22.5,3.693,3.679,35,33,17.53,52.72
2575128,16/3/2015 20:29,38.8,331.7,-22.5,3.693,3.679,35,33,17.55,52.77
9140649,17/3/2015 20:20,38.8,331.7,-22.5,3.694,3.679,35,33,17.57,52.82
6123173,23/3/2015 19:38,38.8,331.7,-22.5,3.694,3.679,35,33,17.58,52.87
3992489,24/3/2015 20:50,38.8,331.7,-22.5,3.694,3.679,35,33,17.6,52.92
2687253,26/3/2015 17:14,38.8,331.7,-22.5,3.694,3.679,35,33,17.62,52.97
7333844,27/3/2015 21:38,38.8,331.7,-22.5,3.693,3.68,35,33,17.63,53.02
9889360,30/3/2015 18:19,38.8,331.7,-22.5,3.694,3.679,35,33,17.65,53.07
6219272,31/3/2015 17:58,39.2,331.7,-22.5,3.694,3.679,35,33,17.67,53.12
2376943,1/4/2015 15:56,39.2,331.9,-22.5,3.694,3.679,35,33,17.68,53.17
7029494,6/4/2015 19:09,39.2,331.7,-22.5,3.694,3.68,35,33,17.71,53.23
4781283,7/4/2015 20:01,39.2,331.9,-22.5,3.695,3.68,35,33,17.72,53.28
3154945,8/4/2015 20:00,39.2,331.9,-22.5,3.694,3.68,35,33,17.74,53.33
3621326,13/4/2015 21:04,39.2,331.9,-22.5,3.696,3.681,35,33,17.76,53.38
6501838,16/4/2015 21:05,39.2,331.9,-22.5,3.695,3.68,35,33,17.77,53.43
9895550,20/4/2015 20:06,39.2,331.9,-22.5,3.695,3.681,35,33,17.79,53.48
1675386,21/4/2015 21:41,39.2,331.9,-22.5,3.696,3.68,35,33,17.81,53.53
2300075,23/4/2015 19:55,39.2,331.9,-22.5,3.696,3.681,35,33,17.82,53.59
8786192,24/4/2015 16:15,39.2,331.9,-22.5,3.696,3.682,35,33,17.83,53.63
9507522,27/4/2015 20:26,39.6,331.9,-22.5,3.697,3.681,35,33,17.86,53.68
9133364,28/4/2015 20:06,39.6,332.1,-22.5,3.697,3.682,35,33,17.87,53.73
1480355,29/4/2015 20:21,39.6,332.1,-22.5,3.696,3.681,35,33,17.89,53.8
8603180,4/5/2015 20:41,39.6,332.1,-22.5,3.696,3.681,35,33,17.91,53.85
9800105,5/5/2015 16:55,39.6,332.1,-22.5,3.697,3.681,35,33,17.93,53.89
3042067,7/5/2015 21:12,39.6,332.1,-22.5,3.696,3.682,35,33,17.94,53.94
9321489,8/5/2015 21:39,39.6,332.1,-22.5,3.697,3.682,35,33,17.96,53.99
4558412,11/5/2015 21:54,39.6,332.1,-22.5,3.698,3.683,35,33,17.98,54.05
3684429,13/5/2015 20:11,39.6,332.1,-22.5,3.696,3.682,35,33,17.99,54.1
9125301,14/5/2015 21:35,39.6,332.2,-22.5,3.697,3.682,35,33,18.01,54.15
9958954,15/5/2015 20:01,40,332.1,-22.5,3.698,3.682,35,33,18.03,54.2
1074699,20/5/2015 21:23,40,332.1,-22.5,3.697,3.682,35,33,18.04,54.25
6294798,21/5/2015 20:41,40,332.1,-22.5,3.697,3.682,35,33,18.06,54.3
4109262,26/5/2015 21:55,40,332.1,-22.5,3.697,3.682,35,33,18.08,54.36
2671816,1/6/2015 17:50,40,332.2,-22.5,3.698,3.682,35,33,18.1,54.41
6367170,2/6/2015 20:05,40,332.2,-22.5,3.698,3.683,35,33,18.11,54.46
1255791,3/6/2015 14:47,40,332.2,-22.5,3.699,3.684,35,33,18.13,54.51
8889678,4/6/2015 22:53,40,332.2,-22.5,3.699,3.684,35,33,18.15,54.56
3985909,8/6/2015 21:25,40,332.2,-22.5,3.698,3.684,35,33,18.17,54.61
4285519,10/6/2015 17:18,40,332.2,-22.5,3.699,3.684,35,33,18.18,54.66
7542435,12/6/2015 16:54,40,332.2,-22.5,3.699,3.684,35,33,18.19,54.71
4506145,15/6/2015 17:52,40.4,332.2,-22.5,3.7,3.684,35,33,18.22,54.76
5569374,16/6/2015 18:45,40.4,332.4,-22.5,3.699,3.684,35,33,18.23,54.81
9585613,17/6/2015 19:38,40.4,332.2,-22.5,3.7,3.684,35,33,18.24,54.86
6230955,18/6/2015 20:08,40.4,332.4,-22.5,3.699,3.684,35,33,18.27,54.93
1375196,19/6/2015 20:26,40.4,332.4,-22.5,3.699,3.685,35,33,18.29,54.98
4110012,22/6/2015 17:01,40.4,332.4,-22.5,3.701,3.685,35,33,18.3,55.03
3502017,23/6/2015 20:09,40.4,332.4,-22.5,3.7,3.685,35,33,18.32,55.08
8700916,24/6/2015 20:05,40.4,332.4,-22.5,3.7,3.685,35,33,18.34,55.13
5946026,7/7/2015 20:11,40.4,332.4,-22.5,3.7,3.685,35,33,18.35,55.18
6524983,9/7/2015 20:53,40.4,332.4,-22.5,3.7,3.686,35,33,18.37,55.25
9090272,10/7/2015 19:40,40.8,332.4,-22.5,3.701,3.686,35,33,18.39,55.3
8062806,10/7/2015 20:41,40.8,332.4,-22.5,3.701,3.685,35,33,18.4,55.32
7275549,13/7/2015 20:50,40.8,332.4,-22.5,3.7,3.686,35,33,18.42,55.37
8346420,14/7/2015 20:09,40.8,332.4,-22.5,3.702,3.686,35,33,18.44,55.45
6978159,14/7/2015 18:52,40.8,332.4,-22.5,3.701,3.685,35,33,18.46,55.49
3697867,14/7/2015 19:37,40.8,332.4,-22.5,3.702,3.686,35,33,18.47,55.54
7809291,14/7/2015 20:21,40.8,332.5,-22.5,3.702,3.686,35,33,18.49,55.59
5452927,15/7/2015 21:22,40.8,332.5,-22.5,3.702,3.686,35,33,18.51,55.64
6994949,16/7/2015 20:29,40.8,332.5,-22.5,3.702,3.687,35,33,18.53,55.71
8465670,17/7/2015 20:15,40.8,332.5,-22.5,3.702,3.686,35,33,18.55,55.76
9714809,20/7/2015 20:14,40.8,332.5,-22.5,3.702,3.687,35,33,18.56,55.81
9149431,21/7/2015 20:36,41.2,332.5,-22.5,3.704,3.687,35,33,18.58,55.86
5978815,22/7/2015 20:02,41.2,332.7,-22.5,3.703,3.687,35,33,18.6,55.91
4124524,23/7/2015 21:38,41.2,332.5,-22.5,3.702,3.687,35,33,18.61,55.96
1404956,24/7/2015 21:47,41.2,332.7,-22.5,3.703,3.687,35,33,18.63,56.01
2238543,27/7/2015 20:01,41.2,332.7,-22.5,3.703,3.687,35,33,18.65,56.06
5038957,29/7/2015 20:02,41.2,332.5,-22.5,3.704,3.687,35,33,18.66,56.11
7066893,30/7/2015 21:33,41.2,332.7,-22.5,3.703,3.687,35,33,18.68,56.16
9207150,31/7/2015 20:41,41.2,332.7,-22.5,3.704,3.688,35,33,18.7,56.21
6251729,3/8/2015 20:27,41.2,332.7,-22.5,3.704,3.688,35,33,18.72,56.27
4899209,4/8/2015 21:45,41.2,332.7,-22.5,3.704,3.688,35,33,18.73,56.32
6621911,5/8/2015 22:02,41.6,332.7,-22.5,3.704,3.688,35,33,18.75,56.37
5637687,7/8/2015 14:32,41.6,332.7,-22.5,3.704,3.689,35,33,18.77,56.42
2107960,7/8/2015 19:31,41.6,332.8,-22.5,3.705,3.689,35,33,18.78,56.47
2533094,10/8/2015 21:02,41.6,332.7,-22.5,3.704,3.689,35,33,18.8,56.52
1560322,11/8/2015 20:06,41.6,332.7,-22.5,3.705,3.689,35,33,18.82,56.58
2733475,12/8/2015 21:32,41.6,332.8,-22.5,3.706,3.69,35,33,18.83,56.63
4267415,14/8/2015 20:22,41.6,332.7,-22.5,3.705,3.689,35,33,18.85,56.68
7933206,17/8/2015 21:42,41.6,332.8,-22.5,3.705,3.689,35,33,18.87,56.73
7335594,18/8/2015 21:15,41.6,332.8,-22.5,3.706,3.689,35,33,18.89,56.79
3967963,19/8/2015 15:39,41.6,332.8,-22.5,3.706,3.69,35,33,18.91,56.84
6415647,25/8/2015 20:48,41.6,332.8,-22.5,3.706,3.69,35,33,18.92,56.89
4671482,26/8/2015 20:39,42,332.8,-22.5,3.706,3.689,35,33,18.94,56.94
4611175,27/8/2015 20:11,42,332.8,-22.5,3.706,3.69,35,33,18.96,56.99
2791340,28/8/2015 17:10,42,333,-22.5,3.706,3.69,35,33,18.97,57.04
9997392,28/8/2015 18:36,42,332.8,-22.5,3.706,3.69,35,33,18.99,57.09
6909514,1/9/2015 21:54,42,333,-22.5,3.707,3.69,35,33,19.01,57.14
4995811,2/9/2015 21:21,42,332.8,-22.5,3.707,3.691,35,33,19.02,57.19
2688677,3/9/2015 20:46,42,333,-22.5,3.707,3.691,35,33,19.03,57.24
3212249,8/9/2015 21:32,42,333,-22.5,3.707,3.69,35,33,19.06,57.31
5672536,9/9/2015 21:13,42,333,-22.5,3.708,3.691,35,33,19.08,57.35
1212238,10/9/2015 21:02,42,333,-22.5,3.708,3.691,35,33,19.09,57.4
9815833,11/9/2015 20:53,42.4,333,-22.5,3.708,3.692,35,33,19.11,57.45
8133539,14/9/2015 20:41,42.4,333,-22.5,3.708,3.692,35,33,19.13,57.5
2387693,15/9/2015 18:47,42.4,333,-22.5,3.708,3.692,35,33,19.14,57.55
6471451,16/9/2015 19:31,42.4,333.2,-22.5,3.708,3.692,35,33,19.16,57.6
4490531,23/9/2015 20:56,42.4,333,-22.5,3.709,3.692,35,33,19.18,57.65
3277106,25/9/2015 20:22,42.4,333.2,-22.5,3.709,3.692,35,33,19.19,57.7
9129938,29/9/2015 20:01,42.4,333.2,-22.5,3.709,3.692,35,33,19.21,57.77
1336855,1/10/2015 18:49,42.4,333.2,-22.5,3.709,3.693,35,33,19.23,57.82
2676045,1/10/2015 21:59,42.4,333.2,-22.5,3.709,3.692,35,33,19.25,57.87
6025557,15/1/2015 20:15,42.4,333.2,-22.5,3.71,3.693,35,33,19.26,57.92
1718597,16/1/2015 19:47,42.4,333.2,-22.5,3.71,3.693,35,33,19.28,57.97
2031717,20/1/2015 15:29,42.8,333.2,-22.5,3.71,3.693,35,33,19.3,58.02
1690867,25/2/2015 17:35,42.8,333.3,-22.5,3.71,3.693,35,33,19.32,58.07
8858751,6/3/2015 16:37,42.8,333.2,-22.5,3.711,3.693,35,33,19.33,58.12
1658726,13/3/2015 18:32,42.8,333.3,-22.5,3.711,3.693,35,33,19.35,58.17
8528273,25/3/2015 12:27,42.8,333.3,-22.5,3.71,3.693,35,33,19.37,58.24
4579191,1/4/2015 16:28,42.8,333.3,-22.5,3.71,3.694,35,33,19.39,58.29
5700496,6/4/2015 13:30,42.8,333.3,-22.5,3.711,3.694,35,33,19.4,58.34
8667580,8/4/2015 14:18,42.8,333.3,-22.5,3.711,3.695,35,33,19.42,58.39
6724987,9/4/2015 15:29,42.8,333.3,-22.5,3.712,3.694,35,33,19.44,58.44
2173547,10/4/2015 15:40,42.8,333.3,-22.5,3.711,3.694,35,33,19.45,58.49
8775911,15/4/2015 19:35,42.8,333.3,-22.5,3.712,3.694,35,33,19.47,58.54
6807814,16/4/2015 19:54,43.2,333.5,-22.5,3.712,3.695,35,33,19.49,58.59
5825584,17/4/2015 13:58,43.2,333.5,-22.5,3.711,3.694,35,33,19.5,58.64
5829577,22/4/2015 19:52,43.2,333.5,-22.5,3.712,3.695,35,33,19.52,58.7
8285213,23/4/2015 16:22,43.2,333.5,-22.5,3.712,3.695,35,33,19.54,58.75
7416366,23/4/2015 18:52,43.2,333.5,-22.5,3.712,3.696,35,33,19.56,58.8
1750255,24/4/2015 18:48,43.2,333.5,-22.5,3.713,3.695,35,33,19.57,58.85
2414250,27/4/2015 15:07,43.2,333.6,-22.5,3.713,3.696,35,33,19.59,58.9
1357616,29/4/2015 13:41,43.2,333.5,-22.5,3.713,3.695,35,33,19.61,58.95
8245844,29/4/2015 18:52,43.2,333.5,-22.5,3.713,3.697,35,33,19.62,59
8617674,4/5/2015 20:14,43.2,333.6,-22.5,3.713,3.696,35,33,19.64,59.05
3200104,6/5/2015 19:03,43.6,333.5,-22.5,3.714,3.697,35,33,19.66,59.1
2700843,7/5/2015 19:38,43.6,333.6,-22.5,3.714,3.697,35,33,19.68,59.17
9373884,8/5/2015 18:30,43.6,333.6,-22.5,3.714,3.696,35,33,19.7,59.21
3117909,11/5/2015 14:30,43.6,333.6,-22.5,3.714,3.696,35,33,19.71,59.26
7233969,13/5/2015 15:06,43.6,333.6,-22.5,3.714,3.697,35,33,19.73,59.31
2872999,14/5/2015 14:48,43.6,333.6,-22.5,3.714,3.697,36,33,19.75,59.36
3588242,18/5/2015 19:53,43.6,333.6,-22.5,3.715,3.697,36,34,19.76,59.41
1601383,20/5/2015 18:46,43.6,333.6,-22.5,3.715,3.698,36,34,19.78,59.46
3735507,21/5/2015 14:35,43.6,333.8,-22.5,3.715,3.698,36,34,19.8,59.51
1407127,21/5/2015 19:58,43.6,333.6,-22.5,3.715,3.697,36,33,19.82,59.58
3059243,26/5/2015 19:44,43.6,333.6,-22.5,3.715,3.698,36,34,19.83,59.63
9618511,27/5/2015 15:32,44,333.8,-22.5,3.716,3.698,36,34,19.85,59.68
2972699,28/5/2015 13:49,44,333.8,-22.5,3.716,3.699,36,34,19.87,59.73
6062971,29/5/2015 13:55,44,333.8,-22.5,3.716,3.698,36,34,19.88,59.78
6851120,1/6/2015 16:23,44,333.8,-22.5,3.716,3.699,36,34,19.9,59.83
8386846,4/6/2015 14:04,44,333.8,-22.5,3.717,3.699,36,34,19.92,59.88
7132173,4/6/2015 18:43,44,333.8,-22.5,3.717,3.698,36,34,19.93,59.93
6439910,5/6/2015 15:14,44,333.8,-22.5,3.717,3.699,36,34,19.95,59.98
7457011,8/6/2015 14:32,44,333.8,-22.5,3.718,3.7,36,34,19.97,60.05
9527421,10/6/2015 14:10,44,333.9,-22.5,3.717,3.7,36,34,19.99,60.1
9896500,11/6/2015 15:15,44,333.9,-22.5,3.718,3.7,36,34,20.01,60.15
5989562,12/6/2015 13:36,44.4,333.9,-22.5,3.717,3.699,36,34,20.02,60.2
6884824,12/6/2015 18:13,44.4,333.9,-22.5,3.717,3.7,36,34,20.04,60.25
6023290,15/6/2015 17:17,44.4,333.9,-22.5,3.718,3.7,36,34,20.06,60.31
6423844,18/6/2015 20:04,44.4,333.9,-22.5,3.718,3.7,36,34,20.07,60.35
3857488,19/6/2015 15:33,44.4,333.9,-22.5,3.718,3.7,36,34,20.09,60.41
8743977,24/6/2015 20:07,44.4,334.1,-22.5,3.719,3.7,36,34,20.11,60.46
4279497,25/6/2015 15:05,44.4,333.9,-22.5,3.719,3.7,36,34,20.13,60.51
5045295,6/7/2015 15:05,44.4,334.1,-22.5,3.72,3.701,36,34,20.14,60.56
9880417,9/7/2015 19:57,44.4,334.1,-22.5,3.719,3.701,36,34,20.16,60.61
6805893,10/7/2015 15:27,44.4,334.1,-22.5,3.72,3.701,36,34,20.18,60.66
1110654,13/7/2015 20:01,44.4,334.1,-22.5,3.72,3.702,36,34,20.19,60.72
3233105,15/7/2015 19:40,44.8,334.1,-22.5,3.721,3.701,36,34,20.21,60.78
6226785,16/7/2015 13:30,44.8,334.1,-22.5,3.72,3.702,36,34,20.24,60.83
3832752,20/7/2015 15:15,44.8,334.1,-22.5,3.721,3.702,36,34,20.25,60.88
8334038,22/7/2015 15:10,44.8,334.1,-22.5,3.72,3.702,36,34,20.26,60.93
3545322,23/7/2015 19:56,44.8,334.2,-22.5,3.721,3.703,36,34,20.29,60.98
1843168,24/7/2015 18:27,44.8,334.2,-22.5,3.722,3.703,36,34,20.3,61.03
4142358,27/7/2015 19:04,44.8,334.2,-22.5,3.722,3.703,36,34,20.31,61.07
8557649,29/7/2015 19:01,44.8,334.2,-22.5,3.722,3.703,36,34,20.33,61.12
5451498,5/8/2015 14:23,44.8,334.2,-22.5,3.722,3.703,36,34,20.36,61.2
4250277,5/8/2015 20:04,44.8,334.2,-22.5,3.722,3.703,36,34,20.37,61.25
8769669,6/8/2015 19:31,45.2,334.2,-22.5,3.722,3.703,36,34,20.39,61.3
5967021,7/8/2015 17:40,45.2,334.2,-22.5,3.722,3.703,36,34,20.4,61.34
5204762,10/8/2015 20:23,45.2,334.4,-22.5,3.724,3.704,36,34,20.43,61.41
2917209,12/8/2015 20:01,45.2,334.4,-22.5,3.723,3.704,36,34,20.44,61.46
5394131,13/8/2015 13:39,45.2,334.4,-22.5,3.723,3.704,36,34,20.46,61.51
3787349,13/8/2015 19:52,45.2,334.4,-22.5,3.723,3.704,36,34,20.47,61.56
2748453,14/8/2015 19:52,45.2,334.4,-22.5,3.724,3.705,36,34,20.49,61.61
9797634,17/8/2015 19:15,45.2,334.4,-22.5,3.723,3.705,36,34,20.51,61.66
5531772,19/8/2015 15:17,45.2,334.4,-22.5,3.724,3.705,36,34,20.52,61.71
7785588,21/8/2015 19:02,45.2,334.6,-22.5,3.724,3.704,36,34,20.54,61.76
2369739,24/8/2015 19:30,45.6,334.6,-22.5,3.724,3.706,36,34,20.56,61.81
9713675,26/8/2015 19:23,45.6,334.6,-22.5,3.725,3.706,36,34,20.58,61.87
3373978,27/8/2015 19:57,45.6,334.6,-22.5,3.725,3.705,36,34,20.59,61.92
5478194,28/8/2015 15:12,45.6,334.6,-22.5,3.725,3.705,36,34,20.62,61.97
2623814,31/8/2015 15:21,45.6,334.6,-22.5,3.725,3.707,36,34,20.63,62.02
8410552,1/9/2015 20:03,45.6,334.6,-22.5,3.726,3.706,36,34,20.65,62.1
8571933,2/9/2015 19:39,45.6,334.6,-22.5,3.726,3.705,36,34,20.67,62.12
9439604,4/9/2015 15:00,45.6,334.6,-22.5,3.726,3.706,36,34,20.68,62.17
5330202,9/9/2015 16:01,45.6,334.7,-22.5,3.726,3.706,36,34,20.7,62.22
1256513,10/9/2015 19:22,45.6,334.7,-22.5,3.727,3.707,36,34,20.72,62.29
1759817,16/9/2015 19:38,45.6,334.7,-22.5,3.726,3.707,36,34,20.74,62.34
5268132,18/9/2015 19:10,46,334.7,-22.5,3.726,3.708,36,34,20.75,62.39
8298812,21/9/2015 13:58,46,334.7,-22.5,3.727,3.707,36,34,20.77,62.44
7893802,23/9/2015 19:23,46,334.7,-22.5,3.727,3.708,36,34,20.79,62.5
6344803,25/9/2015 19:21,46,334.9,-22.5,3.726,3.707,36,34,20.81,62.56
6841926,28/9/2015 15:40,46,334.7,-22.5,3.728,3.708,36,34,20.82,62.61
6675184,28/9/2015 18:10,46,334.7,-22.5,3.728,3.708,36,34,20.84,62.66
1619067,30/9/2015 19:32,46,334.9,-22.5,3.728,3.708,36,34,20.86,62.71
3139818,1/10/2015 18:21,46,334.9,-22.5,3.729,3.71,36,34,20.88,62.77
4154424,1/10/2015 20:06,46,334.9,-22.5,3.729,3.709,36,34,20.89,62.81
3561535,2/10/2015 19:04,46,334.9,-22.5,3.729,3.709,36,34,20.91,62.87
6913472,27/1/2015 20:07,46.4,334.9,-22.5,3.729,3.709,36,34,20.93,62.92
3307095,29/1/2015 20:04,46.4,334.9,-22.5,3.729,3.71,36,34,20.95,62.97
2857338,6/2/2015 21:03,46.4,334.9,-22.5,3.73,3.709,36,34,20.96,63.02
3142998,13/2/2015 19:09,46.4,335,-22.5,3.73,3.71,36,34,20.98,63.07
3917056,16/2/2015 17:47,46.4,334.9,-22.5,3.73,3.71,36,34,21,63.14
2179276,17/2/2015 20:41,46.4,335,-22.5,3.73,3.71,36,34,21.02,63.19
1708592,19/2/2015 20:10,46.4,334.9,-22.5,3.731,3.71,36,34,21.03,63.24
4095785,6/3/2015 20:27,46.4,335,-22.5,3.731,3.71,36,34,21.05,63.29
9509605,13/3/2015 15:39,46.4,335,-22.5,3.731,3.711,36,34,21.08,63.35
5444734,16/4/2015 18:04,46.4,335,-22.5,3.731,3.711,36,34,21.08,63.39
5044762,11/5/2015 20:00,46.8,335.2,-22.5,3.732,3.712,36,34,21.1,63.45
5298764,24/7/2015 12:12,46.8,335.2,-22.5,3.732,3.711,36,34,21.12,63.5
4626003,27/7/2015 13:28,46.8,335.2,-22.5,3.732,3.711,36,34,21.14,63.55
1694224,28/7/2015 13:28,46.8,335.2,-22.5,3.733,3.711,36,34,21.16,63.6
5709799,29/7/2015 13:30,46.8,335.2,-22.5,3.733,3.712,36,34,21.17,63.65
5725046,30/7/2015 12:18,46.8,335.2,-22.5,3.732,3.712,36,34,21.19,63.72
6264625,4/8/2015 12:48,46.8,335.2,-22.5,3.733,3.712,36,34,21.21,63.77
6186658,17/8/2015 12:18,46.8,335.3,-22.5,3.733,3.711,36,34,21.23,63.82
4354267,18/8/2015 13:48,46.8,335.2,-22.5,3.734,3.713,36,34,21.24,63.87
5217499,19/8/2015 12:16,46.8,335.3,-22.5,3.734,3.713,36,34,21.26,63.94
9654115,20/8/2015 12:19,46.8,335.3,-22.5,3.734,3.713,36,34,21.28,63.99
6308629,21/8/2015 14:15,47.2,335.3,-22.5,3.734,3.713,36,34,21.3,64.04
8330681,24/8/2015 12:25,47.2,335.3,-22.5,3.735,3.713,36,34,21.31,64.09
7237024,25/8/2015 14:19,47.2,335.3,-22.5,3.734,3.713,36,34,21.33,64.14
7768340,26/8/2015 13:29,47.2,335.5,-22.5,3.736,3.715,36,34,21.35,64.18999
2877984,27/8/2015 13:26,47.2,335.5,-22.5,3.736,3.714,36,34,21.36,64.24
1497996,28/8/2015 13:29,47.2,335.5,-22.5,3.736,3.714,36,34,21.39,64.3
3166684,1/9/2015 12:15,47.2,335.5,-22.5,3.737,3.715,36,34,21.41,64.35
6834846,2/9/2015 13:28,47.2,335.5,-22.5,3.736,3.714,36,34,21.43,64.42
4354197,3/9/2015 13:30,47.2,335.5,-22.5,3.736,3.714,36,34,21.44,64.47
5831697,4/9/2015 14:22,47.2,335.5,-22.5,3.737,3.715,36,34,21.46,64.52
3655295,8/9/2015 13:30,47.6,335.7,-22.5,3.737,3.715,36,34,21.48,64.57
9004691,9/9/2015 13:31,47.6,335.5,-22.5,3.737,3.716,36,34,21.49,64.62
1044216,10/9/2015 12:50,47.6,335.7,-22.5,3.738,3.715,36,34,21.51,64.67
9465843,11/9/2015 13:27,47.6,335.7,-22.5,3.738,3.716,36,34,21.53,64.72
2963572,14/9/2015 13:30,47.6,335.7,-22.5,3.738,3.716,36,34,21.55,64.78
9013018,15/9/2015 13:15,47.6,335.7,-22.5,3.739,3.716,36,34,21.56,64.83
1687523,16/9/2015 12:54,47.6,335.7,-22.5,3.738,3.716,36,34,21.58,64.88
5485294,17/9/2015 13:30,47.6,335.8,-22.5,3.739,3.716,36,34,21.6,64.95
1800903,22/9/2015 13:30,47.6,335.8,-22.5,3.74,3.716,36,34,21.62,65
8873445,23/9/2015 16:40,47.6,335.8,-22.5,3.74,3.717,36,34,21.64,65.05
6171272,24/9/2015 13:30,48,335.8,-22.5,3.74,3.718,36,34,21.65,65.1
8074367,25/9/2015 13:29,48,335.8,-22.5,3.74,3.717,36,34,21.67,65.16
9458057,28/9/2015 13:24,48,335.8,-22.5,3.741,3.718,36,34,21.69,65.21
4489591,29/9/2015 13:30,48,336,-22.5,3.741,3.718,36,34,21.71,65.26
3366302,30/9/2015 13:27,48,335.8,-22.5,3.74,3.718,36,34,21.72,65.32
4596442,1/10/2015 14:45,48,336,-22.5,3.742,3.718,36,34,21.74,65.37
7017207,2/10/2015 13:30,48,336,-22.5,3.742,3.719,36,34,21.76,65.42
9531439,15/1/2015 16:40,48,336,-22.5,3.742,3.719,36,34,21.78,65.48
4756166,7/5/2015 22:43,48,336,-22.5,3.742,3.719,36,34,21.79,65.53
2290411,8/5/2015 12:58,48,336.1,-22.5,3.742,3.719,36,34,21.82,65.58
1957117,11/5/2015 15:49,48.4,336,-22.5,3.743,3.719,36,34,21.84,65.65
8845048,12/5/2015 15:45,48.4,336.1,-22.5,3.744,3.719,36,34,21.85,65.7
6838969,13/5/2015 15:44,48.4,336.1,-22.5,3.743,3.72,36,34,21.87,65.75
1609567,14/5/2015 18:15,48.4,336.1,-22.5,3.743,3.721,36,34,21.89,65.8
2591573,15/5/2015 15:47,48.4,336.1,-22.5,3.744,3.72,36,34,21.9,65.85
3519738,18/5/2015 15:47,48.4,336.3,-22.5,3.744,3.72,36,34,21.92,65.91
8950369,5/6/2015 19:19,48.4,336.1,-22.5,3.745,3.721,36,34,21.94,65.95
8001601,9/6/2015 13:40,48.4,336.1,-22.5,3.744,3.721,36,34,21.96,66.01
7682158,10/6/2015 15:42,48.4,336.3,-22.5,3.745,3.721,36,34,21.97,66.06
8716416,11/6/2015 16:04,48.4,336.3,-22.5,3.745,3.722,36,34,22,66.13
2230641,12/6/2015 14:15,48.8,336.3,-22.5,3.746,3.722,36,34,22.01,66.18
4758378,22/6/2015 16:28,48.8,336.4,-22.5,3.746,3.722,36,34,22.03,66.23
1797414,24/6/2015 16:42,48.8,336.4,-22.5,3.747,3.722,36,34,22.05,66.28
2458241,25/6/2015 16:07,48.8,336.4,-22.5,3.747,3.723,36,34,22.07,66.35
8836643,6/7/2015 20:14,48.8,336.4,-22.5,3.747,3.723,36,34,22.08,66.39
4498101,8/7/2015 19:20,48.8,336.4,-22.5,3.747,3.723,36,34,22.1,66.43999
9043357,13/7/2015 18:20,48.8,336.4,-22.5,3.748,3.723,36,34,22.12,66.49
6920453,15/7/2015 15:40,48.8,336.6,-22.5,3.747,3.723,36,34,22.13,66.54
7063831,16/7/2015 15:52,48.8,336.6,-22.5,3.748,3.724,36,34,22.15,66.59
5142750,17/7/2015 15:38,48.8,336.6,-22.5,3.748,3.724,36,34,22.17,66.64
4248896,20/7/2015 15:18,48.8,336.6,-22.5,3.749,3.724,36,34,22.19,66.71
5029552,21/7/2015 15:38,49.2,336.6,-22.5,3.75,3.725,36,34,22.2,66.76
4151352,22/7/2015 15:29,49.2,336.6,-22.5,3.749,3.725,36,34,22.23,66.81
3643530,24/7/2015 15:28,49.2,336.6,-22.5,3.75,3.725,36,34,22.25,66.88
8043707,28/7/2015 19:52,49.2,336.8,-22.5,3.751,3.725,36,34,22.26,66.93
3487896,29/7/2015 14:53,49.2,336.8,-22.5,3.751,3.725,36,34,22.28,66.98
1148980,29/7/2015 20:34,49.2,336.8,-22.5,3.751,3.726,36,34,22.3,67.03
6799802,30/7/2015 15:57,49.2,336.9,-22.5,3.752,3.725,36,34,22.32,67.1
2500257,31/7/2015 14:52,49.2,336.9,-22.5,3.752,3.726,36,34,22.33,67.15
7771167,3/8/2015 15:34,49.2,336.9,-22.5,3.752,3.726,36,34,22.35,67.18999
9543932,3/8/2015 19:58,49.2,336.9,-22.5,3.753,3.727,36,34,22.37,67.24
9851741,4/8/2015 20:31,49.6,337.1,-22.5,3.752,3.727,36,34,22.38,67.29
4852971,5/8/2015 15:35,49.6,336.9,-22.5,3.753,3.727,36,34,22.41,67.36
6431779,6/8/2015 15:47,49.6,337.1,-22.5,3.753,3.727,36,34,22.42,67.41
7870286,7/8/2015 15:02,49.6,337.1,-22.5,3.754,3.728,36,34,22.44,67.46
3934620,11/8/2015 17:35,49.6,337.1,-22.5,3.755,3.728,36,34,22.46,67.51
6946940,14/8/2015 18:47,49.6,337.1,-22.5,3.755,3.728,36,34,22.48,67.58
2850132,14/8/2015 20:36,49.6,337.2,-22.5,3.756,3.729,36,34,22.49,67.63
1800956,17/8/2015 21:03,49.6,337.2,-22.5,3.756,3.728,36,34,22.51,67.68
5134843,18/8/2015 15:24,49.6,337.2,-22.5,3.755,3.729,36,34,22.53,67.72
1371649,19/8/2015 15:37,49.6,337.2,-22.5,3.756,3.729,36,34,22.55,67.79
2743739,26/8/2015 19:37,50,337.2,-22.5,3.756,3.729,36,34,22.56,67.82
9558899,3/9/2015 20:30,50,337.4,-22.5,3.757,3.73,36,34,22.59,67.9
4518580,4/9/2015 19:34,50,337.2,-22.5,3.757,3.729,36,34,22.6,67.95
5473938,8/9/2015 16:52,50,337.4,-22.5,3.758,3.729,36,34,22.62,68.01
8465242,9/9/2015 16:08,50,337.4,-22.5,3.758,3.73,36,34,22.64,68.06
5467486,11/9/2015 20:09,50,337.4,-22.5,3.758,3.731,36,34,22.66,68.11
3314093,15/9/2015 20:24,50,337.4,-22.5,3.759,3.731,36,34,22.67,68.16
2013313,21/9/2015 15:55,50,337.5,-22.5,3.759,3.731,36,34,22.69,68.21
3493741,21/9/2015 22:28,50,337.5,-22.5,3.759,3.732,36,34,22.71,68.28
2175508,23/9/2015 15:35,50,337.5,-22.5,3.76,3.732,36,34,22.73,68.33
9747169,23/9/2015 19:50,50.4,337.5,-22.5,3.76,3.733,36,34,22.74,68.38
3906854,28/9/2015 14:55,50.4,337.7,-22.5,3.76,3.733,36,34,22.76,68.43
3628825,28/9/2015 21:23,50.4,337.7,-22.5,3.761,3.733,36,34,22.77,68.48
6002878,9/3/2015 4:45,50.4,337.7,-22.5,3.761,3.733,36,34,22.8,68.54
3627380,13/4/2015 3:26,50.4,337.7,-22.5,3.761,3.733,36,34,22.82,68.59
2345110,17/4/2015 20:01,50.4,337.8,-22.5,3.762,3.733,36,34,22.84,68.66
8530317,24/4/2015 23:53,50.4,337.8,-22.5,3.762,3.734,36,34,22.85,68.71
2105829,26/4/2015 19:35,50.4,337.8,-22.5,3.763,3.733,36,34,22.87,68.76
3007055,2/5/2015 1:34,50.4,337.8,-22.5,3.763,3.735,36,34,22.89,68.81
5766631,8/5/2015 19:49,50.4,337.8,-22.5,3.764,3.734,36,34,22.91,68.87
7091950,10/5/2015 8:57,50.8,338,-22.5,3.764,3.735,36,34,22.92,68.92
9403374,13/5/2015 20:14,50.8,338,-22.5,3.764,3.735,36,34,22.94,68.97
3164433,16/5/2015 20:38,50.8,338,-22.5,3.765,3.735,36,34,22.96,69.02
5533528,26/5/2015 22:59,50.8,338,-22.5,3.765,3.736,36,34,22.97,69.07
9025610,29/5/2015 20:54,50.8,338,-22.5,3.766,3.735,36,34,23,69.14
8351543,4/6/2015 20:25,50.8,338.2,-22.5,3.766,3.737,36,34,23.02,69.18999
6373087,6/6/2015 8:33,50.8,338.2,-22.5,3.766,3.737,36,34,23.03,69.24
2237194,9/6/2015 2:29,50.8,338.2,-22.5,3.767,3.737,36,34,23.05,69.29
3241295,11/6/2015 19:58,50.8,338.2,-22.5,3.766,3.737,36,34,23.07,69.35
9443480,5/7/2015 6:45,50.8,338.2,-22.5,3.767,3.738,36,34,23.09,69.4
7014331,5/7/2015 22:28,51.2,338.3,-22.5,3.767,3.738,36,34,23.1,69.46
2985212,7/7/2015 19:51,51.2,338.3,-22.5,3.768,3.738,36,34,23.12,69.51
4519586,10/7/2015 17:47,51.2,338.3,-22.5,3.768,3.738,36,34,23.14,69.57
6746115,11/7/2015 6:29,51.2,338.5,-22.5,3.769,3.739,36,34,23.16,69.62
3945976,14/7/2015 15:33,51.2,338.5,-22.5,3.768,3.739,36,34,23.17,69.67
3384224,16/7/2015 20:38,51.2,338.5,-22.5,3.769,3.739,36,34,23.2,69.74
8987344,20/7/2015 21:07,51.2,338.5,-22.5,3.77,3.74,36,34,23.21,69.79
7280874,21/7/2015 17:06,51.2,338.6,-22.5,3.769,3.74,36,34,23.23,69.84
8920343,27/7/2015 7:32,51.2,338.6,-22.5,3.77,3.74,36,34,23.25,69.89
5658049,29/7/2015 21:56,51.2,338.6,-22.5,3.771,3.74,36,34,23.26,69.93999
8601621,31/7/2015 21:04,51.6,338.6,-22.5,3.771,3.741,36,34,23.28,69.99
3738844,1/8/2015 9:00,51.6,338.6,-22.5,3.772,3.741,36,34,23.3,70.05
5172247,5/8/2015 15:27,51.6,338.8,-22.5,3.771,3.742,36,34,23.32,70.1
6410992,9/8/2015 6:35,51.6,338.8,-22.5,3.772,3.742,36,34,23.33,70.15
3798253,12/8/2015 22:33,51.6,338.8,-22.5,3.773,3.743,36,34,23.35,70.2
4718933,14/8/2015 19:12,51.6,338.8,-22.5,3.773,3.742,36,34,23.38,70.27
5991072,16/8/2015 2:24,51.6,338.8,-22.5,3.774,3.743,36,34,23.39,70.32
1282283,20/8/2015 16:22,51.6,338.8,-22.5,3.774,3.743,36,34,23.4,70.37
5533488,21/8/2015 22:02,51.6,338.9,-22.5,3.774,3.744,36,34,23.42,70.42
2124425,23/8/2015 4:58,51.6,338.9,-22.5,3.774,3.743,36,34,23.44,70.47
9130727,25/8/2015 15:39,52,338.9,-22.5,3.775,3.744,36,34,23.46,70.53
6900922,28/8/2015 21:44,52,339.1,-22.5,3.776,3.744,36,34,23.48,70.58
8020746,30/8/2015 5:43,52,339.1,-22.5,3.775,3.745,36,34,23.49,70.63
5240328,2/9/2015 1:30,52,339.1,-22.5,3.776,3.745,36,34,23.51,70.68
2682332,2/9/2015 17:38,52,339.1,-22.5,3.776,3.745,36,34,23.53,70.73
9676846,4/9/2015 21:54,52,339.1,-22.5,3.776,3.746,36,34,23.55,70.8
2473111,9/9/2015 18:28,52,339.3,-22.5,3.777,3.747,36,34,23.56,70.85
1188651,11/9/2015 21:41,52,339.3,-22.5,3.777,3.747,36,34,23.58,70.9
7635846,12/9/2015 19:56,52,339.3,-22.5,3.778,3.747,36,34,23.61,70.96
7088986,15/9/2015 16:58,52,339.3,-22.5,3.778,3.747,36,34,23.62,71.01
3818216,18/9/2015 22:55,52,339.3,-22.5,3.779,3.747,36,34,23.63,71.07
7302059,20/9/2015 6:13,52.4,339.4,-22.5,3.78,3.749,36,34,23.66,71.12
4502998,23/9/2015 19:43,52.4,339.4,-22.5,3.779,3.749,36,34,23.67,71.17
1785859,25/9/2015 19:10,52.4,339.4,-22.5,3.78,3.749,36,34,23.69,71.22
4254473,27/9/2015 3:03,52.4,339.4,-22.5,3.78,3.749,36,34,23.71,71.28
4473237,30/9/2015 20:42,52.4,339.6,-22.5,3.781,3.751,36,34,23.73,71.33
4926737,3/10/2015 11:25,52.4,339.6,-22.5,3.781,3.75,36,34,23.74,71.38
5523637,28/1/2015 23:27,52.4,339.6,-22.5,3.781,3.751,36,34,23.76,71.43
3652619,3/6/2015 22:40,52.4,339.6,-22.5,3.782,3.751,36,34,23.78,71.48
7558702,5/8/2015 20:24,52.4,339.6,-22.5,3.782,3.751,36,34,23.8,71.55
6757331,2/9/2015 19:12,52.4,339.7,-22.5,3.782,3.751,36,34,23.81,71.6
7097415,10/9/2015 16:10,52.8,339.7,-22.5,3.782,3.752,36,34,23.83,71.65
5652471,11/9/2015 19:59,52.8,339.7,-22.5,3.783,3.752,36,34,23.85,71.7
8716731,28/9/2015 21:19,52.8,339.7,-22.5,3.784,3.753,36,34,23.87,71.76
3391396,29/9/2015 17:08,52.8,339.7,-22.5,3.783,3.754,36,34,23.89,71.81
3679640,29/9/2015 21:18,52.8,339.9,-22.5,3.784,3.753,36,34,23.9,71.86
4496022,30/9/2015 18:08,52.8,339.9,-22.5,3.784,3.753,36,34,23.92,71.91
9979636,1/10/2015 16:25,52.8,339.9,-22.5,3.784,3.754,36,34,23.94,71.96
7654906,1/10/2015 20:34,52.8,339.9,-22.5,3.785,3.754,36,34,23.96,72.03
4563263,27/1/2015 19:38,52.8,339.9,-22.5,3.785,3.754,36,34,23.97,72.08
6423366,29/1/2015 18:57,52.8,339.9,-22.5,3.785,3.755,36,34,23.99,72.13
4309791,12/2/2015 20:58,53.2,339.9,-22.5,3.785,3.756,36,34,24.02,72.2
2953411,16/2/2015 21:03,53.2,340,-22.5,3.786,3.757,36,34,24.03,72.24
7377023,17/2/2015 21:19,53.2,340,-22.5,3.786,3.756,36,34,24.04,72.29
7575781,4/3/2015 21:32,53.2,340,-22.5,3.787,3.757,37,34,24.07,72.34
5990347,9/3/2015 15:59,53.2,340.2,-22.5,3.787,3.757,36,34,24.08,72.39
8423405,10/3/2015 18:37,53.2,340,-22.5,3.787,3.758,36,34,24.09,72.45
8629284,13/3/2015 19:37,53.2,340.2,-22.5,3.787,3.758,37,34,24.12,72.51
5091921,2/4/2015 17:58,53.2,340.2,-22.5,3.788,3.758,36,34,24.14,72.56
1370205,17/4/2015 19:35,53.2,340.3,-22.5,3.788,3.758,37,34,24.15,72.61
4324972,11/5/2015 18:33,53.2,340.2,-22.5,3.788,3.759,37,34,24.17,72.66
8494503,21/5/2015 19:39,53.6,340.3,-22.5,3.788,3.76,37,34,24.19,72.73
2988470,27/5/2015 20:14,53.6,340.3,-22.5,3.789,3.76,37,34,24.21,72.78
6167497,12/6/2015 18:32,53.6,340.3,-22.5,3.789,3.76,37,34,24.22,72.83
9144008,20/7/2015 20:11,53.6,340.3,-22.5,3.79,3.76,37,34,24.24,72.88
1259418,24/7/2015 18:25,53.6,340.3,-22.5,3.791,3.762,37,34,24.26,72.93
5650127,27/8/2015 20:13,53.6,340.3,-22.5,3.791,3.762,37,34,24.27,72.98
4452828,23/9/2015 20:31,53.6,340.5,-22.5,3.79,3.762,37,34,24.3,73.04
5961736,13/2/2015 21:49,53.6,340.5,-22.5,3.791,3.762,37,34,24.31,73.09
5462506,18/2/2015 21:38,53.6,340.5,-22.5,3.791,3.762,37,34,24.33,73.14
2839306,23/2/2015 17:52,53.6,340.5,-22.5,3.792,3.762,37,34,24.35,73.18999
5229883,24/2/2015 22:03,54,340.5,-22.5,3.791,3.763,37,34,24.36,73.24
8441796,3/3/2015 21:25,54,340.7,-22.5,3.792,3.764,37,34,24.38,73.29
1667840,4/3/2015 17:29,54,340.7,-22.5,3.793,3.764,37,34,24.4,73.36
9241199,6/3/2015 21:27,54,340.7,-22.5,3.793,3.764,37,34,24.42,73.41
1176746,9/3/2015 16:50,54,340.7,-22.5,3.794,3.765,37,34,24.43,73.46
5598631,10/3/2015 15:38,54,340.8,-22.5,3.794,3.766,37,34,24.45,73.51
3789801,11/3/2015 21:09,54,340.8,-22.5,3.793,3.766,37,34,24.48,73.57
9604154,13/3/2015 21:12,54,340.8,-22.5,3.794,3.766,37,34,24.49,73.62
8055607,16/3/2015 20:37,54,340.8,-22.5,3.795,3.767,37,34,24.5,73.67
6401143,17/3/2015 20:33,54,340.8,-22.5,3.795,3.767,37,34,24.53,73.72
4994078,18/3/2015 20:39,54,340.8,-22.5,3.795,3.767,37,34,24.54,73.77
9893223,19/3/2015 20:32,54.4,341,-22.5,3.795,3.767,37,34,24.55,73.83
7373911,20/3/2015 16:08,54.4,341,-22.5,3.795,3.767,37,34,24.58,73.89
4192050,23/3/2015 20:06,54.4,341,-22.5,3.797,3.768,37,34,24.6,73.93999
2738120,24/3/2015 18:57,54.4,341,-22.5,3.797,3.769,37,34,24.61,73.99
6453245,25/3/2015 15:58,54.4,341.1,-22.5,3.797,3.768,37,34,24.63,74.06
3527730,26/3/2015 15:13,54.4,341.1,-22.5,3.796,3.769,37,34,24.65,74.11
2259811,27/3/2015 16:50,54.4,341,-22.5,3.798,3.769,37,34,24.67,74.16
6101489,30/3/2015 20:58,54.4,341.1,-22.5,3.798,3.77,37,34,24.68,74.21
4707040,31/3/2015 17:02,54.4,341.1,-22.5,3.798,3.77,37,34,24.7,74.26
4618400,1/4/2015 19:37,54.4,341.1,-22.5,3.798,3.771,37,34,24.71,74.31
9468478,2/4/2015 19:22,54.8,341.1,-22.5,3.799,3.77,37,34,24.73,74.36
7041650,6/4/2015 20:50,54.8,341.1,-22.5,3.799,3.771,37,34,24.75,74.41
1937148,8/4/2015 20:28,54.8,341.3,-22.5,3.799,3.771,37,34,24.77,74.47
3773618,10/4/2015 20:56,54.8,341.1,-22.5,3.799,3.772,37,34,24.78,74.52
1525152,13/4/2015 17:06,54.8,341.3,-22.5,3.8,3.772,37,34,24.81,74.57
8342268,14/4/2015 21:28,54.8,341.3,-22.5,3.801,3.773,37,34,24.83,74.64
1702308,15/4/2015 20:34,54.8,341.3,-22.5,3.801,3.773,37,34,24.84,74.68999
8119987,16/4/2015 16:48,54.8,341.3,-22.5,3.801,3.774,37,34,24.86,74.74
3338989,17/4/2015 17:32,54.8,341.4,-22.5,3.801,3.774,37,34,24.88,74.79
5018261,20/4/2015 17:22,54.8,341.4,-22.5,3.802,3.774,37,34,24.89,74.84
8707001,21/4/2015 21:10,55.2,341.4,-22.5,3.802,3.774,37,34,24.91,74.89
9015332,22/4/2015 21:10,55.2,341.4,-22.5,3.802,3.775,37,34,24.93,74.93999
3828686,23/4/2015 17:29,55.2,341.6,-22.5,3.802,3.775,37,34,24.94,74.99
3486658,24/4/2015 16:56,55.2,341.4,-22.5,3.804,3.775,37,34,24.96,75.05
1560394,27/4/2015 16:15,55.2,341.6,-22.5,3.803,3.775,37,34,24.98,75.1
9260427,29/4/2015 17:10,55.2,341.6,-22.5,3.804,3.776,37,34,25,75.15
3388567,30/4/2015 16:38,55.2,341.6,-22.5,3.804,3.776,37,34,25.01,75.21
7147543,1/5/2015 18:54,55.2,341.6,-22.5,3.804,3.777,37,34,25.04,75.27
6547779,4/5/2015 21:21,55.2,341.8,-22.5,3.805,3.776,37,34,25.05,75.32
4732543,5/5/2015 16:09,55.2,341.8,-22.5,3.805,3.778,37,34,25.07,75.37
2476938,6/5/2015 20:04,55.2,341.8,-22.5,3.805,3.777,37,34,25.09,75.42
3049748,8/5/2015 20:36,55.6,341.8,-22.5,3.805,3.779,37,34,25.1,75.47
8882531,11/5/2015 19:57,55.6,341.8,-22.5,3.806,3.779,37,34,25.12,75.52
7169642,12/5/2015 16:00,55.6,341.8,-22.5,3.806,3.778,37,34,25.14,75.57
1882785,13/5/2015 21:00,55.6,341.8,-22.5,3.806,3.779,37,34,25.15,75.62
1522034,14/5/2015 17:22,55.6,341.9,-22.5,3.807,3.78,37,34,25.17,75.68999
5592430,15/5/2015 21:02,55.6,341.9,-22.5,3.807,3.781,37,34,25.19,75.74
9647623,19/5/2015 21:36,55.6,342.1,-22.5,3.807,3.781,37,34,25.21,75.79
4722553,20/5/2015 17:23,55.6,342.1,-22.5,3.807,3.781,37,34,25.22,75.84
5335618,21/5/2015 21:14,55.6,342.1,-22.5,3.808,3.781,37,34,25.24,75.89
1931708,26/5/2015 22:26,55.6,342.1,-22.5,3.808,3.781,37,34,25.27,75.95
8093393,29/5/2015 21:10,56,342.1,-22.5,3.809,3.781,37,34,25.28,76
1771257,1/6/2015 17:16,56,342.1,-22.5,3.808,3.781,37,34,25.29,76.04
8835732,2/6/2015 14:51,56,342.1,-22.5,3.809,3.782,37,34,25.32,76.1
8722416,3/6/2015 17:07,56,342.2,-22.5,3.809,3.783,37,34,25.33,76.15
9823595,5/6/2015 16:14,56,342.2,-22.5,3.81,3.783,37,34,25.35,76.2
9500005,8/6/2015 22:09,56,342.2,-22.5,3.81,3.783,37,34,25.36,76.25
9546064,15/6/2015 16:49,56,342.2,-22.5,3.81,3.783,37,34,25.39,76.32
3652743,17/6/2015 21:28,56,342.2,-22.5,3.81,3.784,37,34,25.4,76.37
7674161,19/6/2015 20:06,56,342.2,-22.5,3.811,3.784,37,34,25.42,76.42
4807955,22/6/2015 17:36,56,342.4,-22.5,3.811,3.784,37,34,25.43,76.47
5801353,23/6/2015 16:51,56.4,342.4,-22.5,3.812,3.785,37,34,25.45,76.52
3608695,24/6/2015 21:02,56.4,342.4,-22.5,3.812,3.785,37,34,25.47,76.57
2422173,25/6/2015 21:06,56.4,342.4,-22.5,3.812,3.785,37,34,25.48,76.62
8563849,26/6/2015 20:42,56.4,342.4,-22.5,3.812,3.786,37,34,25.5,76.67
8906924,29/6/2015 16:09,56.4,342.5,-22.5,3.813,3.786,37,34,25.52,76.72
9837972,30/6/2015 21:39,56.4,342.5,-22.5,3.813,3.787,37,34,25.53,76.75999
4260658,1/7/2015 16:49,56.4,342.5,-22.5,3.814,3.787,37,34,25.55,76.82
2902581,7/7/2015 15:56,56.4,342.5,-22.5,3.814,3.787,37,34,25.58,76.89
8196613,8/7/2015 16:28,56.4,342.7,-22.5,3.815,3.788,37,34,25.59,76.93999
4900387,10/7/2015 21:45,56.4,342.7,-22.5,3.814,3.787,37,34,25.6,76.99
7890093,13/7/2015 21:39,56.4,342.7,-22.5,3.816,3.788,37,34,25.63,77.03
7498622,14/7/2015 21:28,56.8,342.7,-22.5,3.815,3.788,37,35,25.64,77.08
7737051,15/7/2015 21:33,56.8,342.7,-22.5,3.816,3.788,37,34,25.66,77.15
7906023,16/7/2015 21:25,56.8,342.7,-22.5,3.816,3.789,37,35,25.68,77.2
7167026,17/7/2015 19:20,56.8,342.8,-22.5,3.816,3.789,37,35,25.7,77.25
6606545,24/7/2015 17:08,56.8,342.7,-22.5,3.816,3.789,37,34,25.7,77.28
3827046,27/7/2015 21:39,56.8,342.8,-22.5,3.817,3.79,37,35,25.73,77.35
2681193,29/7/2015 17:15,56.8,342.8,-22.5,3.817,3.79,37,35,25.75,77.4
7664535,30/7/2015 20:21,56.8,343,-22.5,3.818,3.79,37,35,25.76,77.45
9564438,3/8/2015 17:46,56.8,342.8,-22.5,3.818,3.791,37,35,25.78,77.5
6416495,4/8/2015 16:45,56.8,343,-22.5,3.819,3.791,37,35,25.79,77.55
8480427,5/8/2015 17:24,57.2,343,-22.5,3.819,3.791,37,35,25.81,77.6
6260147,6/8/2015 20:40,57.2,343,-22.5,3.819,3.792,37,34,25.83,77.65
9538898,7/8/2015 18:16,57.2,343,-22.5,3.819,3.792,37,35,25.85,77.71
2721339,10/8/2015 15:40,57.2,343,-22.5,3.82,3.792,37,35,25.86,77.75999
3387884,11/8/2015 17:06,57.2,343,-22.5,3.82,3.792,37,35,25.88,77.81
2372033,12/8/2015 21:14,57.2,343.2,-22.5,3.82,3.793,37,35,25.9,77.86
3004619,13/8/2015 21:21,57.2,343.2,-22.5,3.82,3.793,37,35,25.91,77.91
7999768,14/8/2015 21:43,57.2,343.2,-22.5,3.821,3.794,37,35,25.93,77.97
6823776,17/8/2015 21:54,57.2,343.2,-22.5,3.822,3.794,37,35,25.95,78.02
3040466,18/8/2015 21:43,57.2,343.3,-22.5,3.822,3.794,37,35,25.96,78.07
8286505,19/8/2015 21:27,57.2,343.3,-22.5,3.822,3.794,37,35,25.99,78.12
1475991,20/8/2015 20:34,57.6,343.3,-22.5,3.822,3.794,37,35,26,78.17
9671426,24/8/2015 16:58,57.6,343.3,-22.5,3.823,3.795,37,35,26.01,78.22
1854047,25/8/2015 22:16,57.6,343.3,-22.5,3.823,3.796,37,35,26.04,78.28
5002136,26/8/2015 19:42,57.6,343.5,-22.5,3.823,3.796,37,35,26.06,78.33
5871364,27/8/2015 20:21,57.6,343.5,-22.5,3.823,3.797,37,35,26.07,78.38
3850578,2/9/2015 16:58,57.6,343.5,-22.5,3.823,3.797,37,35,26.09,78.43
4830155,3/9/2015 14:04,57.6,343.5,-22.5,3.824,3.798,37,35,26.11,78.48
1977323,3/9/2015 20:00,57.6,343.5,-22.5,3.824,3.797,37,35,26.12,78.53
7417804,4/9/2015 19:23,57.6,343.5,-22.5,3.825,3.797,37,35,26.14,78.58
8814597,8/9/2015 21:01,57.6,343.6,-22.5,3.825,3.798,37,35,26.15,78.63
4369384,14/9/2015 17:14,57.6,343.6,-22.5,3.826,3.798,37,35,26.17,78.68
8343957,17/9/2015 21:45,58,343.6,-22.5,3.826,3.799,37,35,26.19,78.73
8360802,18/9/2015 21:14,58,343.6,-22.5,3.826,3.799,37,35,26.2,78.78
8817335,21/9/2015 21:18,58,343.8,-22.5,3.827,3.799,37,35,26.22,78.83
7044425,22/9/2015 22:28,58,343.6,-22.5,3.827,3.8,37,35,26.24,78.88
5320147,23/9/2015 16:50,58,343.8,-22.5,3.827,3.8,37,35,26.25,78.93
2586169,24/9/2015 16:37,58,343.8,-22.5,3.828,3.8,37,35,26.27,78.98
9636248,25/9/2015 20:42,58,343.9,-22.5,3.828,3.8,37,35,26.29,79.04
4309323,28/9/2015 19:52,58,343.9,-22.5,3.828,3.8,37,35,26.31,79.09
2545770,30/9/2015 21:08,58,343.9,-22.5,3.829,3.802,37,35,26.32,79.13
8187948,1/10/2015 20:40,58,343.9,-22.5,3.83,3.801,37,35,26.34,79.18999
2881139,12/2/2015 18:00,58.4,343.9,-22.5,3.83,3.802,37,35,26.36,79.24
1127982,26/2/2015 22:39,58.4,343.9,-22.5,3.83,3.802,37,35,26.37,79.29
8636708,3/3/2015 17:51,58.4,343.9,-22.5,3.83,3.802,37,35,26.39,79.35
4531024,5/3/2015 19:16,58.4,343.9,-22.5,3.831,3.803,37,35,26.41,79.4
9045803,10/3/2015 21:38,58.4,344.1,-22.5,3.83,3.803,37,35,26.42,79.45
8027734,12/3/2015 18:46,58.4,344.1,-22.5,3.831,3.803,37,35,26.45,79.5
2135455,16/3/2015 21:39,58.4,344.1,-22.5,3.831,3.803,37,35,26.46,79.55
2741644,17/3/2015 19:20,58.4,344.3,-22.5,3.832,3.804,37,35,26.47,79.6
7756218,19/3/2015 19:48,58.4,344.3,-22.5,3.832,3.804,37,35,26.49,79.65
5405093,24/3/2015 15:05,58.4,344.3,-22.5,3.832,3.805,37,35,26.51,79.68999
6720566,26/3/2015 17:41,58.4,344.3,-22.5,3.833,3.805,37,35,26.53,79.75999
7652184,30/3/2015 15:26,58.8,344.3,-22.5,3.833,3.805,37,35,26.55,79.81
8017375,31/3/2015 14:52,58.8,344.3,-22.5,3.834,3.806,37,35,26.56,79.86
2451756,2/4/2015 14:48,58.8,344.4,-22.5,3.834,3.806,37,35,26.58,79.91
4009354,6/4/2015 20:15,58.8,344.4,-22.5,3.834,3.807,37,35,26.6,79.96
1244138,8/4/2015 15:15,58.8,344.4,-22.5,3.834,3.806,37,35,26.61,80.00999
7552641,8/4/2015 20:52,58.8,344.4,-22.5,3.835,3.808,37,35,26.63,80.06
8486519,9/4/2015 20:50,58.8,344.4,-22.5,3.835,3.808,37,35,26.65,80.11
4261741,13/4/2015 21:24,58.8,344.6,-22.5,3.835,3.808,37,35,26.66,80.16
4865891,16/4/2015 20:53,58.8,344.6,-22.5,3.837,3.808,37,35,26.68,80.21
5236625,20/4/2015 20:28,58.8,344.6,-22.5,3.836,3.809,37,35,26.7,80.25999
7008534,21/4/2015 21:24,58.8,344.6,-22.5,3.837,3.809,37,35,26.72,80.32
3195409,23/4/2015 17:02,59.2,344.6,-22.5,3.837,3.809,37,35,26.73,80.36
9039394,28/4/2015 14:25,59.2,344.7,-22.5,3.837,3.809,37,35,26.75,80.41
1061971,30/4/2015 19:32,59.2,344.7,-22.5,3.838,3.809,37,35,26.76,80.46
8374888,4/5/2015 19:42,59.2,344.7,-22.5,3.838,3.811,37,35,26.78,80.50999
2899724,7/5/2015 20:41,59.2,344.9,-22.5,3.838,3.81,37,35,26.8,80.57
8237414,11/5/2015 21:03,59.2,344.7,-22.5,3.838,3.811,37,35,26.82,80.62
6104577,12/5/2015 21:05,59.2,344.9,-22.5,3.839,3.812,37,35,26.83,80.67
4652369,14/5/2015 20:18,59.2,344.9,-22.5,3.839,3.812,37,35,26.85,80.73
4171512,18/5/2015 20:52,59.2,344.9,-22.5,3.839,3.812,37,35,26.87,80.78
7594385,19/5/2015 20:19,59.2,344.9,-22.5,3.84,3.812,37,35,26.88,80.83
2084052,26/5/2015 20:12,59.6,345,-22.5,3.84,3.812,37,35,26.9,80.88
5785900,28/5/2015 16:37,59.6,345,-22.5,3.841,3.813,37,35,26.92,80.93
1248028,4/6/2015 15:18,59.6,345,-22.5,3.842,3.813,37,35,26.93,80.98
5776993,8/6/2015 20:49,59.6,345,-22.5,3.841,3.814,37,35,26.95,81.02
1662146,9/6/2015 16:20,59.6,345.2,-22.5,3.841,3.813,37,35,26.97,81.07
2289759,10/6/2015 17:51,59.6,345.2,-22.5,3.842,3.815,37,35,26.98,81.12
3599020,15/6/2015 21:00,59.6,345.2,-22.5,3.842,3.815,37,35,27,81.17
6557477,16/6/2015 16:37,59.6,345.2,-22.5,3.843,3.815,37,35,27.02,81.22
9170913,18/6/2015 15:26,59.6,345.2,-22.5,3.843,3.816,37,35,27.03,81.27
8906365,22/6/2015 20:58,59.6,345.2,-22.5,3.843,3.816,37,35,27.05,81.32
7738282,23/6/2015 15:36,59.6,345.3,-22.5,3.845,3.816,37,35,27.06,81.37
8196621,13/7/2015 21:20,60,345.3,-22.5,3.845,3.817,37,35,27.08,81.42
8934200,14/7/2015 15:41,60,345.3,-22.5,3.845,3.817,37,35,27.11,81.49
2594233,16/7/2015 20:43,60,345.3,-22.5,3.845,3.817,37,35,27.12,81.54
3659295,20/7/2015 20:37,60,345.3,-22.5,3.845,3.817,37,35,27.14,81.57
9719233,21/7/2015 21:35,60,345.5,-22.5,3.845,3.818,37,35,27.16,81.64
3522299,23/7/2015 15:10,60,345.5,-22.5,3.846,3.818,37,35,27.17,81.68999
6192795,27/7/2015 20:56,60,345.5,-22.5,3.846,3.819,37,35,27.19,81.74
4694396,28/7/2015 21:03,60,345.5,-22.5,3.848,3.819,37,35,27.21,81.79
5360796,30/7/2015 16:21,60,345.7,-22.5,3.847,3.82,37,35,27.22,81.84
2277153,3/8/2015 20:52,60,345.7,-22.5,3.847,3.82,37,35,27.24,81.89
5897782,4/8/2015 15:35,60,345.7,-22.5,3.847,3.82,37,35,27.26,81.93999
9432034,6/8/2015 15:44,60.4,345.7,-22.5,3.848,3.82,37,35,27.27,81.99
5619831,10/8/2015 21:34,60.4,345.7,-22.5,3.848,3.82,37,35,27.29,82.04
3009393,11/8/2015 15:36,60.4,345.8,-22.5,3.849,3.821,37,35,27.31,82.11
2980515,13/8/2015 20:18,60.4,345.8,-22.5,3.849,3.821,37,35,27.33,82.16
2987123,17/8/2015 18:02,60.4,345.8,-22.5,3.849,3.822,37,35,27.34,82.18
9317454,18/8/2015 15:15,60.4,345.8,-22.5,3.85,3.821,37,35,27.35,82.23
3012272,20/8/2015 22:24,60.4,345.8,-22.5,3.85,3.822,37,35,27.37,82.28
1868054,24/8/2015 20:38,60.4,345.8,-22.5,3.85,3.823,37,35,27.39,82.34
8952017,25/8/2015 20:05,60.4,346,-22.5,3.851,3.823,37,35,27.4,82.39
2826708,27/8/2015 14:26,60.4,346,-22.5,3.851,3.823,37,35,27.42,82.43999
1643227,8/9/2015 20:45,60.4,346,-22.5,3.851,3.823,37,35,27.44,82.5
9100688,10/9/2015 20:34,60.8,346,-22.5,3.852,3.824,37,35,27.46,82.55
5864426,14/9/2015 15:27,60.8,346,-22.5,3.853,3.825,37,35,27.47,82.6
6669164,15/9/2015 20:38,60.8,346.1,-22.5,3.852,3.824,37,35,27.49,82.65
4109500,17/9/2015 20:54,60.8,346.1,-22.5,3.853,3.825,37,35,27.51,82.7
9920327,21/9/2015 15:14,60.8,346.1,-22.5,3.853,3.826,37,35,27.52,82.75
4850114,22/9/2015 20:19,60.8,346.1,-22.5,3.854,3.826,37,35,27.54,82.8
2681715,24/9/2015 15:23,60.8,346.3,-22.5,3.854,3.826,37,35,27.56,82.85
8781039,28/9/2015 16:20,60.8,346.1,-22.5,3.854,3.827,37,35,27.57,82.9
2977313,29/9/2015 22:12,60.8,346.3,-22.5,3.854,3.827,37,35,27.6,82.95
3727011,1/10/2015 14:55,60.8,346.3,-22.5,3.854,3.827,37,35,27.61,83
2350723,16/3/2015 15:04,61.2,346.4,-22.5,3.855,3.828,37,35,27.62,83.05
1175751,7/5/2015 20:59,61.2,346.4,-22.5,3.855,3.828,37,35,27.64,83.1
4345062,8/5/2015 21:22,61.2,346.4,-22.5,3.855,3.828,37,35,27.67,83.17
6662027,13/5/2015 13:26,61.2,346.4,-22.5,3.856,3.829,37,35,27.68,83.22
3356247,19/5/2015 14:38,61.2,346.4,-22.5,3.856,3.829,37,35,27.7,83.27
9187859,20/5/2015 20:59,61.2,346.4,-22.5,3.857,3.83,37,35,27.71,83.32
9770945,21/5/2015 21:05,61.2,346.4,-22.5,3.857,3.83,37,35,27.73,83.37
4857190,22/5/2015 20:50,61.2,346.6,-22.5,3.857,3.83,37,35,27.75,83.41
4291302,26/5/2015 21:26,61.2,346.6,-22.5,3.858,3.83,37,35,27.76,83.46
8479022,27/5/2015 21:15,61.2,346.6,-22.5,3.858,3.831,37,35,27.78,83.50999
4317418,28/5/2015 20:36,61.2,346.6,-22.5,3.859,3.831,37,35,27.8,83.56
1172569,29/5/2015 21:45,61.6,346.8,-22.5,3.859,3.831,37,35,27.81,83.61
4851505,1/6/2015 21:13,61.6,346.8,-22.5,3.859,3.832,37,35,27.83,83.66
1125235,2/6/2015 21:07,61.6,346.8,-22.5,3.859,3.831,37,35,27.85,83.72
4682619,3/6/2015 21:06,61.6,346.8,-22.5,3.86,3.833,37,35,27.86,83.77
7666068,4/6/2015 21:24,61.6,346.8,-22.5,3.86,3.832,37,35,27.88,83.82
8048016,5/6/2015 18:52,61.6,346.9,-22.5,3.86,3.833,37,35,27.9,83.87
6557241,8/6/2015 20:55,61.6,346.8,-22.5,3.861,3.834,37,35,27.91,83.92
4673897,9/6/2015 21:10,61.6,346.8,-22.5,3.862,3.834,37,35,27.93,83.97
7090607,10/6/2015 21:06,61.6,346.9,-22.5,3.862,3.834,37,35,27.95,84.02
1888330,11/6/2015 21:02,61.6,346.9,-22.5,3.862,3.834,37,35,27.96,84.07
2105402,12/6/2015 21:30,61.6,347.1,-22.5,3.862,3.834,37,35,27.98,84.12
4123027,22/6/2015 21:19,62,347.1,-22.5,3.863,3.835,37,35,28,84.17
9814374,23/6/2015 20:42,62,347.1,-22.5,3.863,3.835,37,35,28.01,84.21
4481340,24/6/2015 20:37,62,347.1,-22.5,3.864,3.835,37,35,28.03,84.25999
9188292,26/6/2015 19:57,62,347.1,-22.5,3.863,3.836,37,35,28.05,84.31
4884384,6/7/2015 21:13,62,347.2,-22.5,3.864,3.837,37,35,28.07,84.38
6061166,7/7/2015 20:20,62,347.2,-22.5,3.865,3.837,37,35,28.08,84.43
9786617,8/7/2015 20:44,62,347.2,-22.5,3.864,3.837,37,35,28.1,84.48
1404585,9/7/2015 21:20,62,347.2,-22.5,3.866,3.838,37,35,28.12,84.53
9673234,10/7/2015 20:16,62,347.2,-22.5,3.866,3.838,37,35,28.13,84.58
8637108,13/7/2015 21:21,62,347.4,-22.5,3.866,3.838,37,35,28.15,84.63
2530946,14/7/2015 21:00,62,347.2,-22.5,3.866,3.838,37,35,28.17,84.68
7816076,16/7/2015 21:33,62.4,347.4,-22.5,3.867,3.838,37,35,28.18,84.73
3665999,20/7/2015 21:10,62.4,347.4,-22.5,3.867,3.84,37,35,28.2,84.78
1876700,22/7/2015 20:41,62.4,347.4,-22.5,3.867,3.839,37,35,28.21,84.83
3716128,23/7/2015 20:18,62.4,347.4,-22.5,3.867,3.84,37,35,28.23,84.88
1361169,24/7/2015 14:47,62.4,347.5,-22.5,3.868,3.841,37,35,28.25,84.93
1317767,28/7/2015 20:45,62.4,347.5,-22.5,3.869,3.841,37,35,28.26,84.98
2109843,29/7/2015 20:50,62.4,347.5,-22.5,3.868,3.84,37,35,28.29,85.03
8466653,30/7/2015 15:20,62.4,347.5,-22.5,3.869,3.841,37,35,28.31,85.1
2436582,31/7/2015 20:26,62.4,347.7,-22.5,3.87,3.841,37,35,28.32,85.15
9326642,3/8/2015 21:04,62.4,347.7,-22.5,3.87,3.842,37,35,28.34,85.2
2078111,4/8/2015 20:56,62.8,347.7,-22.5,3.87,3.842,37,35,28.35,85.23
9792988,5/8/2015 22:44,62.8,347.7,-22.5,3.87,3.843,37,35,28.36,85.27
5277516,6/8/2015 21:06,62.8,347.7,-22.5,3.87,3.843,37,35,28.39,85.33
4579688,7/8/2015 15:11,62.8,347.7,-22.5,3.871,3.844,37,35,28.4,85.38
7355573,10/8/2015 21:11,62.8,347.8,-22.5,3.871,3.844,37,35,28.41,85.43
6389608,11/8/2015 21:00,62.8,347.8,-22.5,3.872,3.844,37,35,28.44,85.5
1778242,12/8/2015 21:14,62.8,347.8,-22.5,3.872,3.845,37,35,28.46,85.54
8382266,13/8/2015 20:46,62.8,347.8,-22.5,3.872,3.845,37,35,28.47,85.59
9038045,14/8/2015 21:20,62.8,348,-22.5,3.873,3.845,37,35,28.49,85.64
5897785,17/8/2015 21:12,62.8,348,-22.5,3.873,3.845,37,35,28.5,85.68999
2116590,18/8/2015 21:05,62.8,348,-22.5,3.874,3.846,37,35,28.52,85.74
6788664,19/8/2015 21:09,63.2,348,-22.5,3.873,3.845,37,35,28.54,85.79
9103791,20/8/2015 20:42,63.2,348,-22.5,3.874,3.846,37,35,28.55,85.84
9146765,21/8/2015 16:20,63.2,348,-22.5,3.874,3.847,37,35,28.57,85.89
7341078,24/8/2015 21:14,63.2,348.2,-22.5,3.874,3.847,37,35,28.59,85.93999
1720499,25/8/2015 20:07,63.2,348.2,-22.5,3.876,3.847,37,35,28.6,85.99
1380549,26/8/2015 16:53,63.2,348.2,-22.5,3.875,3.848,37,35,28.62,86.06
5520299,27/8/2015 20:15,63.2,348.2,-22.5,3.875,3.848,37,35,28.64,86.11
1593228,28/8/2015 20:49,63.2,348.3,-22.5,3.876,3.849,37,35,28.66,86.16
7694132,31/8/2015 19:39,63.2,348.3,-22.5,3.877,3.849,37,35,28.67,86.21
8564239,1/9/2015 20:35,63.2,348.3,-22.5,3.877,3.849,37,35,28.69,86.25999
3987650,2/9/2015 20:31,63.2,348.3,-22.5,3.878,3.849,37,35,28.71,86.31
7955055,3/9/2015 21:05,63.6,348.3,-22.5,3.878,3.85,37,35,28.72,86.36
9621579,4/9/2015 19:00,63.6,348.3,-22.5,3.878,3.85,37,35,28.75,86.41
6887552,10/9/2015 21:20,63.6,348.5,-22.5,3.878,3.851,37,35,28.76,86.46
6393760,11/9/2015 12:26,63.6,348.5,-22.5,3.878,3.85,37,35,28.77,86.50999
4990613,14/9/2015 15:52,63.6,348.5,-22.5,3.879,3.851,37,35,28.79,86.56
5573605,15/9/2015 20:59,63.6,348.5,-22.5,3.88,3.851,37,35,28.81,86.6
7599049,16/9/2015 21:09,63.6,348.6,-22.5,3.879,3.852,37,35,28.82,86.65
4191889,30/9/2015 20:54,63.6,348.6,-22.5,3.881,3.852,37,35,28.84,86.71
6431044,1/10/2015 21:10,63.6,348.5,-22.5,3.88,3.853,37,35,28.86,86.75999
7794819,2/10/2015 20:28,63.6,348.6,-22.5,3.881,3.853,37,35,28.87,86.81
4740152,6/5/2015 14:39,64,348.6,-22.5,3.881,3.853,37,35,28.89,86.86
3350807,7/5/2015 16:15,64,348.6,-22.5,3.882,3.853,37,35,28.91,86.91
7026352,8/5/2015 16:31,64,348.8,-22.5,3.882,3.853,37,35,28.92,86.96
9503621,11/5/2015 15:51,64,348.8,-22.5,3.882,3.854,37,35,28.94,87.00999
5386490,11/5/2015 22:58,64,348.8,-22.5,3.882,3.855,37,35,28.96,87.06
5045814,12/5/2015 15:56,64,348.8,-22.5,3.882,3.855,37,35,28.98,87.11
8530132,13/5/2015 21:35,64,348.9,-22.5,3.883,3.855,37,35,28.99,87.16
3908178,14/5/2015 15:57,64,348.9,-22.5,3.884,3.855,37,35,29.01,87.22
2142802,14/5/2015 22:53,64,348.9,-22.5,3.884,3.856,37,35,29.03,87.27
4141353,18/5/2015 16:28,64,348.9,-22.5,3.884,3.856,37,35,29.05,87.32
2340537,19/5/2015 20:42,64,348.9,-22.5,3.885,3.856,37,35,29.06,87.37
1311275,20/5/2015 15:51,64.4,348.9,-22.5,3.885,3.857,37,35,29.08,87.42
2696677,21/5/2015 16:06,64.4,349.1,-22.5,3.885,3.857,37,35,29.1,87.47
8696593,22/5/2015 14:49,64.4,349.1,-22.5,3.885,3.858,37,35,29.11,87.52
6506700,26/5/2015 15:59,64.4,349.1,-22.5,3.885,3.858,37,35,29.13,87.57
2650561,27/5/2015 14:30,64.4,349.1,-22.5,3.887,3.858,37,35,29.15,87.63
8154465,28/5/2015 16:35,64.4,349.3,-22.5,3.886,3.858,37,35,29.16,87.67
4496995,29/5/2015 15:54,64.4,349.3,-22.5,3.887,3.859,37,35,29.18,87.72
3617689,2/6/2015 15:40,64.4,349.3,-22.5,3.887,3.859,37,35,29.2,87.77
6508489,3/6/2015 22:22,64.4,349.3,-22.5,3.887,3.859,37,35,29.21,87.82
3975291,4/6/2015 16:25,64.4,349.4,-22.5,3.888,3.86,37,35,29.23,87.89
5886855,5/6/2015 22:56,64.4,349.3,-22.5,3.889,3.861,37,35,29.25,87.93
9118529,8/6/2015 15:49,64.8,349.4,-22.5,3.889,3.86,37,35,29.27,87.98
5408764,9/6/2015 15:59,64.8,349.4,-22.5,3.889,3.861,37,35,29.28,88.03
3934160,11/6/2015 17:24,64.8,349.6,-22.5,3.889,3.861,37,35,29.3,88.09
4797962,23/6/2015 15:10,64.8,349.6,-22.5,3.89,3.861,37,35,29.32,88.14
6991392,24/6/2015 16:53,64.8,349.6,-22.5,3.89,3.861,37,35,29.33,88.18999
6416641,6/7/2015 15:42,64.8,349.6,-22.5,3.891,3.862,37,35,29.35,88.24
9612753,6/7/2015 22:34,64.8,349.6,-22.5,3.891,3.862,37,35,29.36,88.29
2692638,7/7/2015 20:59,64.8,349.6,-22.5,3.891,3.864,37,35,29.38,88.34
9759620,8/7/2015 15:35,64.8,349.7,-22.5,3.892,3.863,37,35,29.4,88.39
4121312,9/7/2015 18:35,64.8,349.7,-22.5,3.891,3.863,37,35,29.41,88.43999
8215779,10/7/2015 15:27,64.8,349.7,-22.5,3.892,3.864,37,35,29.44,88.49
3490051,13/7/2015 16:49,65.2,349.7,-22.5,3.892,3.863,37,35,29.45,88.54
3825294,14/7/2015 23:13,65.2,349.7,-22.5,3.893,3.865,37,35,29.46,88.59
3725155,15/7/2015 20:12,65.2,349.7,-22.5,3.893,3.865,37,35,29.49,88.64
8220236,16/7/2015 16:35,65.2,349.9,-22.5,3.894,3.866,37,35,29.5,88.68999
7705326,17/7/2015 17:12,65.2,349.9,-22.5,3.894,3.867,37,35,29.51,88.73
6354805,20/7/2015 16:47,65.2,349.9,-22.5,3.894,3.866,37,35,29.54,88.8
1894829,22/7/2015 17:20,65.2,349.9,-22.5,3.895,3.867,37,35,29.55,88.82999
5288948,23/7/2015 16:37,65.2,349.9,-22.5,3.895,3.867,37,35,29.57,88.9
1767705,24/7/2015 14:06,65.2,349.9,-22.5,3.895,3.868,37,35,29.59,88.95
4249754,28/7/2015 16:00,65.2,350,-22.5,3.896,3.867,37,35,29.61,89
7857520,29/7/2015 17:07,65.6,350,-22.5,3.896,3.868,37,35,29.62,89.05
4620707,30/7/2015 16:43,65.6,350,-22.5,3.897,3.868,37,35,29.64,89.1
9456050,31/7/2015 15:26,65.6,350,-22.5,3.896,3.869,37,35,29.65,89.15
7665938,3/8/2015 15:20,65.6,350.2,-22.5,3.898,3.869,37,35,29.67,89.2
4976769,4/8/2015 21:36,65.6,350.2,-22.5,3.897,3.87,37,35,29.69,89.25
4608932,6/8/2015 15:58,65.6,350.2,-22.5,3.897,3.87,37,35,29.7,89.3
4911258,14/8/2015 15:50,65.6,350.2,-22.5,3.899,3.87,37,35,29.72,89.35
4092062,18/8/2015 16:24,65.6,350.2,-22.5,3.898,3.871,37,35,29.74,89.4
3083090,19/8/2015 15:51,65.6,350.2,-22.5,3.9,3.87,37,35,29.75,89.45
4232020,20/8/2015 15:47,65.6,350.3,-22.5,3.899,3.87,37,35,29.77,89.5
9195467,21/8/2015 16:07,65.6,350.3,-22.5,3.9,3.871,37,35,29.79,89.55
2858851,24/8/2015 16:03,66,350.3,-22.5,3.9,3.872,37,35,29.81,89.62
7942538,25/8/2015 15:56,66,350.3,-22.5,3.9,3.872,37,35,29.82,89.67
1974810,26/8/2015 13:50,66,350.5,-22.5,3.9,3.872,37,35,29.84,89.72
4834937,27/8/2015 15:54,66,350.5,-22.5,3.9,3.873,37,35,29.86,89.77
8633711,28/8/2015 17:10,66,350.5,-22.5,3.901,3.874,37,35,29.87,89.82
9312955,1/9/2015 16:06,66,350.5,-22.5,3.901,3.874,37,35,29.9,89.87
2973616,2/9/2015 16:12,66,350.7,-22.5,3.901,3.874,37,35,29.91,89.92
6756770,3/9/2015 18:03,66,350.7,-22.5,3.902,3.875,37,35,29.92,89.97
2747973,4/9/2015 13:47,66,350.7,-22.5,3.903,3.874,37,35,29.94,90.02
7999305,8/9/2015 16:03,66,350.7,-22.5,3.903,3.875,37,35,29.96,90.06
9725689,9/9/2015 22:18,66,350.7,-22.5,3.903,3.875,37,35,29.97,90.11
7205396,10/9/2015 21:59,66.4,350.7,-22.5,3.904,3.876,37,35,29.99,90.16
9810654,11/9/2015 16:34,66.4,350.7,-22.5,3.904,3.876,37,35,30.01,90.21
8726710,14/9/2015 15:15,66.4,350.8,-22.5,3.904,3.876,37,35,30.02,90.25999
4399824,16/9/2015 22:20,66.4,350.8,-22.5,3.905,3.877,37,35,30.04,90.31
8707083,21/9/2015 22:54,66.4,350.8,-22.5,3.906,3.877,37,35,30.06,90.36
1729270,22/9/2015 16:30,66.4,350.8,-22.5,3.906,3.877,37,35,30.07,90.41
5300478,24/9/2015 16:44,66.4,351,-22.5,3.906,3.878,37,35,30.1,90.48
2463451,25/9/2015 14:19,66.4,351,-22.5,3.906,3.878,37,35,30.11,90.53
8391017,28/9/2015 21:29,66.4,351,-22.5,3.907,3.878,37,35,30.13,90.57999
9051594,29/9/2015 21:23,66.4,351.1,-22.5,3.907,3.879,37,35,30.15,90.63
4750104,30/9/2015 16:39,66.8,351.1,-22.5,3.907,3.878,37,35,30.16,90.68
7479749,1/10/2015 16:39,66.8,351.1,-22.5,3.908,3.879,37,35,30.18,90.73
6181694,2/10/2015 12:31,66.8,351.1,-22.5,3.908,3.88,37,35,30.19,90.77
5740799,2/10/2015 15:16,66.8,351.1,-22.5,3.908,3.88,37,35,30.2,90.82
7602915,17/3/2015 14:14,66.8,351.1,-22.5,3.909,3.879,37,35,30.23,90.86
3927755,18/3/2015 13:56,66.8,351.1,-22.5,3.909,3.881,37,35,30.24,90.91
2905400,19/3/2015 12:56,66.8,351.3,-22.5,3.91,3.881,37,35,30.25,90.96
9893968,19/3/2015 15:42,66.8,351.3,-22.5,3.91,3.881,37,35,30.28,91.00999
5722115,20/3/2015 11:10,66.8,351.1,-22.5,3.91,3.882,37,35,30.3,91.07999
3029328,23/3/2015 13:41,66.8,351.3,-22.5,3.911,3.882,37,35,30.31,91.13
5183328,25/3/2015 13:54,66.8,351.3,-22.5,3.91,3.882,37,35,30.33,91.18
8806931,26/3/2015 13:00,67.2,351.4,-22.5,3.911,3.883,37,35,30.35,91.23
4375852,26/3/2015 14:15,67.2,351.4,-22.5,3.912,3.883,37,35,30.36,91.25999
7246592,27/3/2015 15:19,67.2,351.4,-22.5,3.912,3.883,37,35,30.37,91.31
6319362,1/4/2015 11:34,67.2,351.4,-22.5,3.912,3.883,37,35,30.39,91.36
7120531,2/4/2015 13:57,67.2,351.6,-22.5,3.912,3.884,37,35,30.41,91.41
5676148,2/4/2015 19:47,67.2,351.6,-22.5,3.913,3.885,37,35,30.42,91.43999
1850215,6/4/2015 16:38,67.2,351.6,-22.5,3.913,3.885,37,35,30.44,91.50999
8725264,7/4/2015 13:29,67.2,351.6,-22.5,3.914,3.885,37,35,30.46,91.56
7613205,8/4/2015 11:50,67.2,351.8,-22.5,3.914,3.885,37,35,30.47,91.61
1160262,8/4/2015 21:36,67.2,351.8,-22.5,3.914,3.885,37,35,30.49,91.66
7131170,9/4/2015 16:13,67.2,351.8,-22.5,3.914,3.886,37,35,30.51,91.71
1865866,9/4/2015 18:10,67.2,351.8,-22.5,3.914,3.887,37,35,30.52,91.75999
5167394,13/4/2015 18:21,67.6,351.8,-22.5,3.915,3.887,37,35,30.54,91.81
1893828,14/4/2015 14:23,67.6,351.8,-22.5,3.915,3.887,37,35,30.56,91.86
4739169,15/4/2015 15:35,67.6,351.9,-22.5,3.915,3.887,37,35,30.57,91.91
8119738,16/4/2015 16:16,67.6,351.9,-22.5,3.916,3.888,37,35,30.59,91.96
6605909,17/4/2015 14:22,67.6,351.9,-22.5,3.917,3.888,37,35,30.61,92.00999
5010090,20/4/2015 10:44,67.6,351.9,-22.5,3.917,3.888,37,35,30.62,92.06
6598950,20/4/2015 15:41,67.6,351.9,-22.5,3.917,3.889,37,35,30.64,92.11
2320295,21/4/2015 17:04,67.6,352.1,-22.5,3.918,3.889,37,35,30.66,92.16
2565954,22/4/2015 17:15,67.6,352.1,-22.5,3.917,3.89,37,35,30.67,92.21
4358006,23/4/2015 15:13,67.6,352.1,-22.5,3.918,3.889,37,35,30.69,92.28
7275599,24/4/2015 15:25,68,352.1,-22.5,3.919,3.89,37,35,30.71,92.32999
2910388,27/4/2015 13:51,68,352.1,-22.5,3.919,3.89,37,35,30.73,92.38
9262993,28/4/2015 15:57,68,352.1,-22.5,3.92,3.892,37,35,30.74,92.43
9100030,29/4/2015 17:00,68,352.2,-22.5,3.919,3.892,37,35,30.76,92.48
6385574,30/4/2015 20:13,68,352.2,-22.5,3.92,3.892,37,35,30.78,92.53
2954694,6/5/2015 11:52,68,352.2,-22.5,3.921,3.892,37,35,30.79,92.57999
1881587,7/5/2015 14:52,68,352.2,-22.5,3.921,3.893,37,35,30.81,92.63
7920641,8/5/2015 14:02,68,352.2,-22.5,3.921,3.893,37,35,30.83,92.68
7892870,11/5/2015 13:17,68,352.4,-22.5,3.922,3.893,37,35,30.84,92.72
4273923,13/5/2015 15:37,68,352.4,-22.5,3.922,3.893,37,35,30.86,92.77
3075616,15/5/2015 13:54,68,352.4,-22.5,3.922,3.894,37,35,30.87,92.82
6527360,18/5/2015 15:32,68.4,352.4,-22.5,3.922,3.894,37,35,30.9,92.89
5664133,19/5/2015 13:39,68.4,352.5,-22.5,3.924,3.894,37,35,30.92,92.93999
5623929,20/5/2015 15:48,68.4,352.5,-22.5,3.924,3.895,37,35,30.93,92.99
9556597,21/5/2015 15:11,68.4,352.5,-22.5,3.924,3.896,37,35,30.94,93.04
7296160,22/5/2015 15:05,68.4,352.5,-22.5,3.924,3.896,37,35,30.97,93.09
6952363,26/5/2015 14:55,68.4,352.5,-22.5,3.924,3.896,37,35,30.98,93.14
2510083,28/5/2015 14:49,68.4,352.7,-22.5,3.924,3.896,37,35,30.99,93.18999
3585643,29/5/2015 15:17,68.4,352.7,-22.5,3.925,3.897,37,35,31.02,93.24
9798481,1/6/2015 13:52,68.4,352.7,-22.5,3.925,3.897,37,35,31.03,93.29
5245899,2/6/2015 15:08,68.4,352.7,-22.5,3.925,3.898,37,35,31.05,93.34
4833501,3/6/2015 15:07,68.4,352.7,-22.5,3.926,3.898,37,35,31.07,93.39
7183795,4/6/2015 16:28,68.8,352.8,-22.5,3.926,3.898,37,35,31.08,93.43999
2465644,5/6/2015 14:23,68.8,352.8,-22.5,3.927,3.898,37,35,31.1,93.49
9465156,8/6/2015 14:48,68.8,352.8,-22.5,3.928,3.899,37,35,31.12,93.54
9654573,9/6/2015 14:04,68.8,352.8,-22.5,3.928,3.899,37,35,31.14,93.61
9897750,10/6/2015 15:57,68.8,353,-22.5,3.929,3.899,37,35,31.15,93.66
7783878,11/6/2015 11:51,68.8,353,-22.5,3.928,3.9,37,35,31.17,93.71
7230828,11/6/2015 18:10,68.8,353,-22.5,3.929,3.9,37,35,31.19,93.75999
3735296,15/6/2015 14:54,68.8,353,-22.5,3.929,3.901,37,35,31.2,93.81
8156248,16/6/2015 15:30,68.8,353,-22.5,3.929,3.901,37,35,31.22,93.86
2617840,17/6/2015 16:13,68.8,353.2,-22.5,3.929,3.901,37,35,31.23,93.91
3052743,18/6/2015 15:25,69.2,353.2,-22.5,3.93,3.901,37,35,31.25,93.96
8627260,19/6/2015 15:41,69.2,353.2,-22.5,3.931,3.902,37,35,31.27,94.00999
5105267,22/6/2015 13:48,69.2,353.2,-22.5,3.931,3.902,37,35,31.28,94.05
9545887,6/7/2015 15:15,69.2,353.2,-22.5,3.931,3.903,37,35,31.3,94.1
8250268,7/7/2015 14:09,69.2,353.2,-22.5,3.932,3.903,37,35,31.32,94.15
2669612,9/7/2015 19:54,69.2,353.3,-22.5,3.932,3.904,37,35,31.33,94.2
8124131,10/7/2015 13:59,69.2,353.3,-22.5,3.932,3.904,37,35,31.35,94.27
2446433,13/7/2015 15:35,69.2,353.3,-22.5,3.932,3.904,37,35,31.38,94.32
8927021,13/7/2015 16:52,69.2,353.3,-22.5,3.933,3.904,37,35,31.39,94.37
5089897,14/7/2015 14:54,69.2,353.3,-22.5,3.933,3.905,37,35,31.4,94.4
3654044,15/7/2015 17:07,69.2,353.5,-22.5,3.933,3.904,37,35,31.42,94.45
2089446,16/7/2015 13:57,69.6,353.5,-22.5,3.934,3.906,37,35,31.43,94.5
7424896,20/7/2015 15:01,69.6,353.5,-22.5,3.934,3.906,37,35,31.45,94.55
9111701,21/7/2015 14:29,69.6,353.6,-22.5,3.935,3.906,37,35,31.48,94.62
2864592,22/7/2015 13:08,69.6,353.5,-22.5,3.936,3.907,37,35,31.49,94.67
8148524,23/7/2015 15:26,69.6,353.6,-22.5,3.935,3.907,37,35,31.51,94.72
2903018,24/7/2015 14:24,69.6,353.6,-22.5,3.936,3.908,37,35,31.52,94.77
2094546,27/7/2015 15:31,69.6,353.6,-22.5,3.936,3.907,37,35,31.54,94.82
7432008,28/7/2015 19:02,69.6,353.6,-22.5,3.937,3.908,37,35,31.56,94.87
4468211,29/7/2015 19:14,69.6,353.6,-22.5,3.937,3.908,37,35,31.57,94.92
2309303,30/7/2015 14:03,69.6,353.8,-22.5,3.937,3.908,37,35,31.59,94.99
4951324,31/7/2015 15:17,69.6,353.8,-22.5,3.938,3.909,37,35,31.61,95.02
2757624,3/8/2015 17:49,70,353.8,-22.5,3.938,3.909,37,35,31.62,95.07
1548585,4/8/2015 15:14,70,353.8,-22.5,3.938,3.91,37,35,31.64,95.11
9667916,5/8/2015 14:53,70,353.8,-22.5,3.939,3.91,37,35,31.66,95.16
8436139,6/8/2015 14:55,70,353.9,-22.5,3.939,3.91,37,35,31.68,95.24
4355137,7/8/2015 13:56,70,353.9,-22.5,3.94,3.91,37,35,31.69,95.29
2133815,10/8/2015 15:07,70,353.9,-22.5,3.94,3.911,37,35,31.71,95.34
5170756,11/8/2015 13:44,70,354.1,-22.5,3.94,3.911,37,35,31.73,95.38
8650473,12/8/2015 14:11,70,354.1,-22.5,3.94,3.912,37,35,31.74,95.43
9408551,13/8/2015 15:11,70,354.1,-22.5,3.94,3.912,37,35,31.76,95.48
6382971,14/8/2015 13:34,70,354.1,-22.5,3.942,3.913,37,35,31.78,95.53
1748892,14/8/2015 19:19,70.4,354.1,-22.5,3.942,3.913,37,35,31.79,95.57999
9241161,17/8/2015 15:22,70.4,354.3,-22.5,3.942,3.914,37,35,31.81,95.63
8464237,18/8/2015 13:52,70.4,354.3,-22.5,3.942,3.913,37,35,31.83,95.68
7945577,18/8/2015 20:50,70.4,354.3,-22.5,3.943,3.914,37,35,31.85,95.75
5627531,19/8/2015 15:16,70.4,354.3,-22.5,3.943,3.914,37,35,31.86,95.8
7141257,20/8/2015 13:00,70.4,354.3,-22.5,3.943,3.915,37,35,31.88,95.85
5066890,20/8/2015 17:46,70.4,354.4,-22.5,3.944,3.915,37,35,31.9,95.9
2441375,24/8/2015 13:07,70.4,354.4,-22.5,3.943,3.915,37,35,31.91,95.95
3336350,24/8/2015 19:19,70.4,354.4,-22.5,3.944,3.916,37,35,31.93,96
2025534,25/8/2015 15:34,70.4,354.4,-22.5,3.945,3.916,37,35,31.95,96.05
2566381,26/8/2015 11:55,70.4,354.4,-22.5,3.945,3.917,37,35,31.97,96.1
4060982,27/8/2015 15:41,70.8,354.6,-22.5,3.946,3.917,37,35,31.98,96.15
9016104,31/8/2015 14:36,70.8,354.6,-22.5,3.945,3.917,37,35,32,96.2
5231913,1/9/2015 13:13,70.8,354.6,-22.5,3.946,3.918,37,35,32.02,96.25
5450994,1/9/2015 20:14,70.8,354.6,-22.5,3.946,3.918,37,35,32.03,96.3
9603971,2/9/2015 13:49,70.8,354.6,-22.5,3.947,3.919,37,35,32.05,96.35
4289231,3/9/2015 12:50,70.8,354.7,-22.5,3.947,3.918,37,35,32.07,96.4
5600657,3/9/2015 19:29,70.8,354.7,-22.5,3.948,3.919,37,35,32.09,96.47
1327017,4/9/2015 14:40,70.8,354.7,-22.5,3.948,3.919,37,35,32.1,96.52
1475322,8/9/2015 11:46,70.8,354.7,-22.5,3.948,3.919,37,35,32.12,96.57
2221486,9/9/2015 14:02,70.8,354.9,-22.5,3.949,3.92,37,35,32.14,96.62
6412876,10/9/2015 13:33,70.8,354.7,-22.5,3.949,3.921,37,35,32.15,96.67
4024288,11/9/2015 17:23,71.2,354.9,-22.5,3.95,3.92,37,35,32.17,96.71
3058991,14/9/2015 15:32,71.2,354.9,-22.5,3.95,3.921,37,35,32.19,96.75999
8143815,15/9/2015 16:09,71.2,354.9,-22.5,3.95,3.922,37,35,32.2,96.81
7890969,16/9/2015 15:34,71.2,354.9,-22.5,3.95,3.921,37,35,32.22,96.86
5079762,17/9/2015 15:04,71.2,354.9,-22.5,3.951,3.922,37,35,32.24,96.91
8687538,18/9/2015 15:05,71.2,354.9,-22.5,3.951,3.922,37,35,32.25,96.96
1705537,18/9/2015 21:13,71.2,355,-22.5,3.952,3.923,37,35,32.27,97.00999
5692114,21/9/2015 15:45,71.2,355.2,-22.5,3.952,3.923,37,35,32.29,97.06
7981055,22/9/2015 15:18,71.2,355,-22.5,3.953,3.924,37,35,32.31,97.13
6916794,23/9/2015 15:15,71.2,355.2,-22.5,3.952,3.924,37,35,32.32,97.18
4782478,23/9/2015 20:54,71.6,355.2,-22.5,3.954,3.924,37,35,32.34,97.23
4851965,24/9/2015 14:20,71.6,355.2,-22.5,3.954,3.924,37,35,32.36,97.28
1836265,24/9/2015 19:53,71.6,355.2,-22.5,3.954,3.925,37,35,32.37,97.32999
1196499,25/9/2015 15:08,71.6,355.2,-22.5,3.954,3.925,37,35,32.38,97.36
9538483,25/9/2015 19:18,71.6,355.3,-22.5,3.955,3.925,37,35,32.4,97.41
5626149,3/3/2015 22:00,71.6,355.3,-22.5,3.955,3.925,37,35,32.43,97.48
6245196,6/3/2015 19:04,71.6,355.3,-22.5,3.955,3.926,37,35,32.44,97.53
6388351,11/3/2015 20:59,71.6,355.3,-22.5,3.956,3.926,37,35,32.45,97.57999
6948803,1/4/2015 18:24,71.6,355.5,-22.5,3.956,3.927,37,35,32.48,97.63
1419633,9/4/2015 20:14,71.6,355.3,-22.5,3.957,3.928,37,35,32.49,97.68
9174863,17/8/2015 20:58,71.6,355.5,-22.5,3.957,3.928,37,35,32.5,97.73
3430447,19/8/2015 15:51,72,355.5,-22.5,3.957,3.928,37,35,32.53,97.77
9365911,19/8/2015 19:32,72,355.5,-22.5,3.957,3.928,37,35,32.54,97.82
4452686,20/8/2015 19:55,72,355.7,-22.5,3.958,3.929,37,35,32.55,97.87
4150708,21/8/2015 19:33,72,355.7,-22.5,3.958,3.929,37,35,32.58,97.92
2703398,25/8/2015 20:42,72,355.7,-22.5,3.958,3.93,37,35,32.6,98
3812764,8/9/2015 20:39,72,355.7,-22.5,3.958,3.93,37,35,32.6,98.03
1583759,9/9/2015 21:06,72,355.7,-22.5,3.96,3.93,37,35,32.63,98.09
8896158,11/9/2015 16:02,72,355.8,-22.5,3.96,3.931,37,35,32.65,98.14
5317838,15/9/2015 21:44,72,355.8,-22.5,3.96,3.931,37,35,32.66,98.18999
8201165,21/9/2015 20:32,72,355.8,-22.5,3.961,3.931,37,35,32.68,98.24
8831858,19/3/2015 18:22,72,355.8,-22.5,3.961,3.932,37,35,32.7,98.29
5142454,24/4/2015 19:58,72.4,355.8,-22.5,3.961,3.932,37,35,32.71,98.34
2180379,28/4/2015 20:39,72.4,355.8,-22.5,3.962,3.932,37,35,32.73,98.39
8972878,17/3/2015 19:57,72.4,356,-22.5,3.962,3.933,37,35,32.74,98.43999
7847577,19/3/2015 20:48,72.4,356,-22.5,3.962,3.933,37,35,32.76,98.49
5648345,20/3/2015 18:55,72.4,356,-22.5,3.962,3.934,37,35,32.78,98.54
6080316,24/3/2015 16:59,72.4,356.1,-22.5,3.963,3.933,37,35,32.79,98.59
7980372,25/3/2015 19:53,72.4,356.1,-22.5,3.963,3.934,37,35,32.81,98.64
6411126,30/3/2015 19:37,72.4,356.1,-22.5,3.963,3.935,37,35,32.83,98.71
8327038,31/3/2015 18:58,72.4,356.1,-22.5,3.964,3.935,37,35,32.85,98.75999
3796942,1/4/2015 20:01,72.4,356.3,-22.5,3.964,3.935,37,35,32.86,98.81
2874672,6/4/2015 20:26,72.8,356.1,-22.5,3.964,3.936,37,35,32.89,98.86
9222540,7/4/2015 20:12,72.8,356.3,-22.5,3.965,3.936,37,35,32.9,98.91
2082394,8/4/2015 20:10,72.8,356.3,-22.5,3.966,3.936,37,35,32.91,98.96
2776626,9/4/2015 15:13,72.8,356.3,-22.5,3.965,3.936,37,35,32.94,99.00999
2389576,10/4/2015 15:38,72.8,356.4,-22.5,3.966,3.938,37,35,32.95,99.06
7692175,20/4/2015 13:56,72.8,356.3,-22.5,3.967,3.937,37,35,32.96,99.1
4579494,19/5/2015 20:33,72.8,356.4,-22.5,3.967,3.938,37,35,32.99,99.15
7063897,3/6/2015 20:23,72.8,356.4,-22.5,3.967,3.937,37,35,33,99.2
8987852,4/6/2015 20:10,72.8,356.4,-22.5,3.968,3.938,37,35,33.01,99.25
2783555,26/3/2015 11:32,72.8,356.6,-22.5,3.968,3.939,37,35,33.03,99.3
9165788,26/3/2015 17:11,72.8,356.6,-22.5,3.968,3.939,37,35,33.05,99.36
4631446,27/3/2015 11:12,73.2,356.6,-22.5,3.968,3.94,37,35,33.06,99.41
1994884,27/3/2015 13:59,73.2,356.6,-22.5,3.969,3.94,37,35,33.08,99.46
2015168,28/3/2015 10:04,73.2,356.6,-22.5,3.97,3.94,37,35,33.1,99.52
7483602,30/3/2015 10:57,73.2,356.6,-22.5,3.969,3.941,37,35,33.12,99.57
5834930,30/3/2015 16:48,73.2,356.8,-22.5,3.971,3.941,37,35,33.14,99.62
8150807,31/3/2015 9:17,73.2,356.8,-22.5,3.97,3.941,37,35,33.15,99.67
5105682,1/4/2015 12:34,73.2,356.8,-22.5,3.97,3.942,37,35,33.17,99.72
3928698,2/4/2015 11:30,73.2,356.9,-22.5,3.971,3.943,37,35,33.19,99.77
4538678,4/4/2015 11:11,73.2,356.9,-22.5,3.971,3.942,37,35,33.2,99.82
7819704,4/4/2015 14:58,73.2,356.8,-22.5,3.971,3.943,37,35,33.22,99.87
9567283,6/4/2015 11:51,73.2,356.9,-22.5,3.972,3.943,37,35,33.24,99.92
1799304,7/4/2015 9:09,73.6,356.9,-22.5,3.973,3.943,37,35,33.25,99.97
2777495,7/4/2015 14:40,73.6,356.9,-22.5,3.973,3.944,37,35,33.27,100.02
3358785,13/4/2015 12:51,73.6,357.1,-22.5,3.973,3.945,37,35,33.29,100.07
7643878,14/4/2015 11:11,73.6,357.1,-22.5,3.974,3.946,37,35,33.3,100.12
4010074,15/4/2015 10:50,73.6,357.1,-22.5,3.974,3.945,37,35,33.32,100.17
6200923,15/4/2015 17:21,73.6,357.1,-22.5,3.975,3.945,37,35,33.33,100.2
2729035,16/4/2015 11:03,73.6,357.1,-22.5,3.975,3.946,37,35,33.35,100.27
4474986,16/4/2015 16:14,73.6,357.1,-22.5,3.975,3.946,37,35,33.37,100.34
5010305,17/4/2015 11:02,73.6,357.2,-22.5,3.975,3.946,37,35,33.39,100.39
4044475,18/4/2015 12:45,73.6,357.2,-22.5,3.976,3.947,37,35,33.41,100.43
7281799,20/4/2015 11:35,74,357.4,-22.5,3.976,3.947,37,35,33.42,100.48
9030800,21/4/2015 11:06,74,357.4,-22.5,3.977,3.948,37,35,33.44,100.53
6811747,21/4/2015 17:48,74,357.4,-22.5,3.978,3.948,37,35,33.46,100.58
4132753,22/4/2015 11:08,74,357.4,-22.5,3.978,3.948,37,35,33.47,100.63
4851016,22/4/2015 16:34,74,357.4,-22.5,3.978,3.949,37,35,33.49,100.68
2479922,23/4/2015 11:17,74,357.4,-22.5,3.978,3.949,37,35,33.51,100.74
3196307,24/4/2015 11:03,74,357.4,-22.5,3.979,3.949,37,35,33.52,100.79
4272308,24/4/2015 14:57,74,357.5,-22.5,3.979,3.949,37,35,33.54,100.84
9932506,25/4/2015 12:26,74,357.5,-22.5,3.979,3.95,37,35,33.56,100.89
1956207,25/4/2015 14:08,74,357.5,-22.5,3.979,3.95,37,35,33.58,100.95
4384506,27/4/2015 11:20,74,357.5,-22.5,3.979,3.951,37,35,33.6,101
8698155,28/4/2015 10:58,74.4,357.5,-22.5,3.98,3.951,37,35,33.61,101.05
9855836,29/4/2015 11:09,74.4,357.7,-22.5,3.981,3.951,37,35,33.63,101.09
3233524,30/4/2015 11:42,74.4,357.7,-22.5,3.981,3.952,37,35,33.64,101.14
5353843,1/5/2015 14:26,74.4,357.7,-22.5,3.982,3.952,37,35,33.65,101.19
9432994,1/5/2015 17:49,74.4,357.8,-22.5,3.982,3.953,37,35,33.68,101.25
3000437,4/5/2015 11:39,74.4,357.8,-22.5,3.982,3.953,37,35,33.7,101.3
1756465,4/5/2015 18:52,74.4,357.8,-22.5,3.982,3.953,37,35,33.71,101.35
6774113,5/5/2015 12:20,74.4,357.8,-22.5,3.982,3.953,37,35,33.73,101.4
9540540,6/5/2015 11:04,74.4,357.8,-22.5,3.983,3.955,37,35,33.75,101.45
9596836,7/5/2015 11:11,74.4,358,-22.5,3.984,3.954,37,35,33.76,101.5
3520393,8/5/2015 11:10,74.4,358,-22.5,3.984,3.955,37,35,33.78,101.55
6096052,8/5/2015 18:57,74.8,358,-22.5,3.985,3.956,37,35,33.8,101.6
6017088,9/5/2015 11:37,74.8,358,-22.5,3.984,3.956,37,35,33.81,101.65
3500440,9/5/2015 14:35,74.8,358,-22.5,3.985,3.957,37,35,33.83,101.7
7350954,11/5/2015 11:43,74.8,358.2,-22.5,3.985,3.957,37,35,33.85,101.75
6843043,12/5/2015 11:28,74.8,358.2,-22.5,3.986,3.957,37,35,33.86,101.8
8094323,13/5/2015 17:56,74.8,358.2,-22.5,3.986,3.957,37,35,33.88,101.85
5833308,14/5/2015 11:05,74.8,358.2,-22.5,3.986,3.957,37,35,33.89,101.9
8327550,15/5/2015 11:04,74.8,358.2,-22.5,3.987,3.958,37,35,33.91,101.95
4580264,15/5/2015 16:36,74.8,358.3,-22.5,3.988,3.958,37,35,33.93,102
2043259,16/5/2015 12:22,74.8,358.3,-22.5,3.988,3.958,37,35,33.95,102.06
2636266,17/5/2015 12:03,74.8,358.3,-22.5,3.988,3.958,37,35,33.97,102.12
6976803,17/5/2015 13:37,75.2,358.5,-22.5,3.988,3.959,37,35,33.98,102.17
3739661,18/5/2015 11:28,75.2,358.3,-22.5,3.988,3.96,37,35,34,102.22
9810647,18/5/2015 15:49,75.2,358.5,-22.5,3.99,3.961,37,35,34.01,102.27
4550364,19/5/2015 11:06,75.2,358.5,-22.5,3.989,3.96,37,35,34.04,102.32
9388820,19/5/2015 13:37,75.2,358.5,-22.5,3.99,3.961,37,35,34.05,102.37
4369382,20/5/2015 11:11,75.2,358.6,-22.5,3.99,3.961,37,35,34.06,102.42
2949384,20/5/2015 18:56,75.2,358.5,-22.5,3.991,3.962,37,35,34.09,102.47
4703592,21/5/2015 11:01,75.2,358.6,-22.5,3.991,3.961,37,35,34.1,102.52
5965252,22/5/2015 11:04,75.2,358.6,-22.5,3.992,3.963,37,35,34.11,102.56
7331338,22/5/2015 15:44,75.2,358.6,-22.5,3.992,3.963,37,35,34.14,102.61
2907516,26/5/2015 11:06,75.6,358.6,-22.5,3.992,3.963,37,35,34.15,102.66
9271119,27/5/2015 11:03,75.6,358.8,-22.5,3.992,3.963,37,35,34.16,102.71
5012038,27/5/2015 15:46,75.6,358.8,-22.5,3.993,3.964,37,35,34.19,102.78
8439790,28/5/2015 11:03,20,327.1,-73.80002,3.654,3.62,36,34,8.97,26.96
2719933,30/5/2015 12:00,20,327.5,-73.70001,3.661,3.625,36,34,9.02,27.14
9465310,30/5/2015 17:12,20,327.7,-73.70001,3.662,3.628,36,34,9.07,27.27
2742271,1/6/2015 11:31,20,327.8,-73.70001,3.664,3.631,36,34,9.13,27.45
8829566,2/6/2015 11:17,20.4,328,-73.70001,3.666,3.633,36,34,9.19,27.62
1699262,3/6/2015 12:07,20.4,328.2,-73.80002,3.668,3.634,36,35,9.24,27.79
9916089,4/6/2015 11:17,20.4,328.3,-73.70001,3.669,3.636,36,35,9.3,27.95
4366747,5/6/2015 11:11,20.8,328.5,-73.70001,3.67,3.637,36,35,9.349999,28.12
